Leading Cancer Sites,Leading Cancer Sites Code,Year,Sex,Sex Code,Race,Race Code,Deaths
Brain and Other Nervous System,31010-31040,1999,Female,F,Black or African American,2054-5,29.0
Brain and Other Nervous System,31010-31040,1999,Female,F,White,2106-3,346.0
Brain and Other Nervous System,31010-31040,1999,Male,M,Black or African American,2054-5,47.0
Brain and Other Nervous System,31010-31040,1999,Male,M,White,2106-3,550.0
Brain and Other Nervous System,31010-31040,2000,Female,F,Black or African American,2054-5,30.0
Brain and Other Nervous System,31010-31040,2000,Female,F,White,2106-3,316.0
Brain and Other Nervous System,31010-31040,2000,Male,M,Black or African American,2054-5,59.0
Brain and Other Nervous System,31010-31040,2000,Male,M,White,2106-3,548.0
Brain and Other Nervous System,31010-31040,2001,Female,F,Black or African American,2054-5,31.0
Brain and Other Nervous System,31010-31040,2001,Female,F,White,2106-3,320.0
Brain and Other Nervous System,31010-31040,2001,Male,M,Black or African American,2054-5,32.0
Brain and Other Nervous System,31010-31040,2001,Male,M,White,2106-3,523.0
Brain and Other Nervous System,31010-31040,2002,Female,F,Black or African American,2054-5,32.0
Brain and Other Nervous System,31010-31040,2002,Female,F,White,2106-3,309.0
Brain and Other Nervous System,31010-31040,2002,Male,M,Asian or Pacific Islander,A-PI,16.0
Brain and Other Nervous System,31010-31040,2002,Male,M,Black or African American,2054-5,43.0
Brain and Other Nervous System,31010-31040,2002,Male,M,White,2106-3,456.0
Brain and Other Nervous System,31010-31040,2003,Female,F,Black or African American,2054-5,36.0
Brain and Other Nervous System,31010-31040,2003,Female,F,White,2106-3,339.0
Brain and Other Nervous System,31010-31040,2003,Male,M,Black or African American,2054-5,52.0
Brain and Other Nervous System,31010-31040,2003,Male,M,White,2106-3,480.0
Brain and Other Nervous System,31010-31040,2004,Female,F,Black or African American,2054-5,35.0
Brain and Other Nervous System,31010-31040,2004,Female,F,White,2106-3,270.0
Brain and Other Nervous System,31010-31040,2004,Male,M,Asian or Pacific Islander,A-PI,23.0
Brain and Other Nervous System,31010-31040,2004,Male,M,Black or African American,2054-5,38.0
Brain and Other Nervous System,31010-31040,2004,Male,M,White,2106-3,448.0
Brain and Other Nervous System,31010-31040,2005,Female,F,Asian or Pacific Islander,A-PI,17.0
Brain and Other Nervous System,31010-31040,2005,Female,F,Black or African American,2054-5,23.0
Brain and Other Nervous System,31010-31040,2005,Female,F,White,2106-3,267.0
Brain and Other Nervous System,31010-31040,2005,Male,M,Asian or Pacific Islander,A-PI,17.0
Brain and Other Nervous System,31010-31040,2005,Male,M,Black or African American,2054-5,46.0
Brain and Other Nervous System,31010-31040,2005,Male,M,White,2106-3,456.0
Brain and Other Nervous System,31010-31040,2006,Female,F,Asian or Pacific Islander,A-PI,21.0
Brain and Other Nervous System,31010-31040,2006,Female,F,Black or African American,2054-5,27.0
Brain and Other Nervous System,31010-31040,2006,Female,F,White,2106-3,285.0
Brain and Other Nervous System,31010-31040,2006,Male,M,Black or African American,2054-5,41.0
Brain and Other Nervous System,31010-31040,2006,Male,M,White,2106-3,423.0
Brain and Other Nervous System,31010-31040,2007,Female,F,Black or African American,2054-5,27.0
Brain and Other Nervous System,31010-31040,2007,Female,F,White,2106-3,262.0
Brain and Other Nervous System,31010-31040,2007,Male,M,Asian or Pacific Islander,A-PI,27.0
Brain and Other Nervous System,31010-31040,2007,Male,M,Black or African American,2054-5,34.0
Brain and Other Nervous System,31010-31040,2007,Male,M,White,2106-3,437.0
Brain and Other Nervous System,31010-31040,2008,Female,F,Black or African American,2054-5,36.0
Brain and Other Nervous System,31010-31040,2008,Female,F,White,2106-3,249.0
Brain and Other Nervous System,31010-31040,2008,Male,M,Asian or Pacific Islander,A-PI,22.0
Brain and Other Nervous System,31010-31040,2008,Male,M,Black or African American,2054-5,32.0
Brain and Other Nervous System,31010-31040,2008,Male,M,White,2106-3,443.0
Brain and Other Nervous System,31010-31040,2009,Female,F,Black or African American,2054-5,35.0
Brain and Other Nervous System,31010-31040,2009,Female,F,White,2106-3,285.0
Brain and Other Nervous System,31010-31040,2009,Male,M,Asian or Pacific Islander,A-PI,17.0
Brain and Other Nervous System,31010-31040,2009,Male,M,Black or African American,2054-5,41.0
Brain and Other Nervous System,31010-31040,2009,Male,M,White,2106-3,493.0
Brain and Other Nervous System,31010-31040,2010,Female,F,Asian or Pacific Islander,A-PI,18.0
Brain and Other Nervous System,31010-31040,2010,Female,F,Black or African American,2054-5,37.0
Brain and Other Nervous System,31010-31040,2010,Female,F,White,2106-3,250.0
Brain and Other Nervous System,31010-31040,2010,Male,M,Asian or Pacific Islander,A-PI,23.0
Brain and Other Nervous System,31010-31040,2010,Male,M,Black or African American,2054-5,41.0
Brain and Other Nervous System,31010-31040,2010,Male,M,White,2106-3,431.0
Brain and Other Nervous System,31010-31040,2011,Female,F,Asian or Pacific Islander,A-PI,19.0
Brain and Other Nervous System,31010-31040,2011,Female,F,Black or African American,2054-5,33.0
Brain and Other Nervous System,31010-31040,2011,Female,F,White,2106-3,250.0
Brain and Other Nervous System,31010-31040,2011,Male,M,Asian or Pacific Islander,A-PI,16.0
Brain and Other Nervous System,31010-31040,2011,Male,M,Black or African American,2054-5,44.0
Brain and Other Nervous System,31010-31040,2011,Male,M,White,2106-3,424.0
Brain and Other Nervous System,31010-31040,2012,Female,F,Black or African American,2054-5,40.0
Brain and Other Nervous System,31010-31040,2012,Female,F,White,2106-3,286.0
Brain and Other Nervous System,31010-31040,2012,Male,M,Asian or Pacific Islander,A-PI,19.0
Brain and Other Nervous System,31010-31040,2012,Male,M,Black or African American,2054-5,50.0
Brain and Other Nervous System,31010-31040,2012,Male,M,White,2106-3,471.0
Brain and Other Nervous System,31010-31040,2013,Female,F,Asian or Pacific Islander,A-PI,20.0
Brain and Other Nervous System,31010-31040,2013,Female,F,Black or African American,2054-5,27.0
Brain and Other Nervous System,31010-31040,2013,Female,F,White,2106-3,302.0
Brain and Other Nervous System,31010-31040,2013,Male,M,Asian or Pacific Islander,A-PI,24.0
Brain and Other Nervous System,31010-31040,2013,Male,M,Black or African American,2054-5,42.0
Brain and Other Nervous System,31010-31040,2013,Male,M,White,2106-3,452.0
Brain and Other Nervous System,31010-31040,2014,Female,F,Black or African American,2054-5,37.0
Brain and Other Nervous System,31010-31040,2014,Female,F,White,2106-3,254.0
Brain and Other Nervous System,31010-31040,2014,Male,M,Asian or Pacific Islander,A-PI,17.0
Brain and Other Nervous System,31010-31040,2014,Male,M,Black or African American,2054-5,44.0
Brain and Other Nervous System,31010-31040,2014,Male,M,White,2106-3,462.0
Brain and Other Nervous System,31010-31040,2015,Female,F,Asian or Pacific Islander,A-PI,22.0
Brain and Other Nervous System,31010-31040,2015,Female,F,Black or African American,2054-5,34.0
Brain and Other Nervous System,31010-31040,2015,Female,F,White,2106-3,295.0
Brain and Other Nervous System,31010-31040,2015,Male,M,Asian or Pacific Islander,A-PI,18.0
Brain and Other Nervous System,31010-31040,2015,Male,M,Black or African American,2054-5,42.0
Brain and Other Nervous System,31010-31040,2015,Male,M,White,2106-3,481.0
Brain and Other Nervous System,31010-31040,2016,Female,F,Asian or Pacific Islander,A-PI,21.0
Brain and Other Nervous System,31010-31040,2016,Female,F,Black or African American,2054-5,28.0
Brain and Other Nervous System,31010-31040,2016,Female,F,White,2106-3,318.0
Brain and Other Nervous System,31010-31040,2016,Male,M,Asian or Pacific Islander,A-PI,27.0
Brain and Other Nervous System,31010-31040,2016,Male,M,Black or African American,2054-5,45.0
Brain and Other Nervous System,31010-31040,2016,Male,M,White,2106-3,466.0
Brain and Other Nervous System,31010-31040,2017,Female,F,Black or African American,2054-5,42.0
Brain and Other Nervous System,31010-31040,2017,Female,F,White,2106-3,298.0
Brain and Other Nervous System,31010-31040,2017,Male,M,Asian or Pacific Islander,A-PI,20.0
Brain and Other Nervous System,31010-31040,2017,Male,M,Black or African American,2054-5,52.0
Brain and Other Nervous System,31010-31040,2017,Male,M,White,2106-3,471.0
Brain and Other Nervous System,31010-31040,2018,Female,F,Asian or Pacific Islander,A-PI,21.0
Brain and Other Nervous System,31010-31040,2018,Female,F,Black or African American,2054-5,34.0
Brain and Other Nervous System,31010-31040,2018,Female,F,White,2106-3,282.0
Brain and Other Nervous System,31010-31040,2018,Male,M,Asian or Pacific Islander,A-PI,29.0
Brain and Other Nervous System,31010-31040,2018,Male,M,Black or African American,2054-5,66.0
Brain and Other Nervous System,31010-31040,2018,Male,M,White,2106-3,485.0
Brain and Other Nervous System,31010-31040,2019,Female,F,Black or African American,2054-5,41.0
Brain and Other Nervous System,31010-31040,2019,Female,F,White,2106-3,298.0
Brain and Other Nervous System,31010-31040,2019,Male,M,Asian or Pacific Islander,A-PI,20.0
Brain and Other Nervous System,31010-31040,2019,Male,M,Black or African American,2054-5,78.0
Brain and Other Nervous System,31010-31040,2019,Male,M,White,2106-3,433.0
Brain and Other Nervous System,31010-31040,2020,Female,F,Black or African American,2054-5,35.0
Brain and Other Nervous System,31010-31040,2020,Female,F,White,2106-3,279.0
Brain and Other Nervous System,31010-31040,2020,Male,M,Asian or Pacific Islander,A-PI,34.0
Brain and Other Nervous System,31010-31040,2020,Male,M,Black or African American,2054-5,48.0
Brain and Other Nervous System,31010-31040,2020,Male,M,White,2106-3,454.0
Brain and Other Nervous System,31010-31040,2021,Female,F,Asian or Pacific Islander,A-PI,18.0
Brain and Other Nervous System,31010-31040,2021,Female,F,Black or African American,2054-5,29.0
Brain and Other Nervous System,31010-31040,2021,Female,F,White,2106-3,312.0
Brain and Other Nervous System,31010-31040,2021,Male,M,Asian or Pacific Islander,A-PI,21.0
Brain and Other Nervous System,31010-31040,2021,Male,M,Black or African American,2054-5,53.0
Brain and Other Nervous System,31010-31040,2021,Male,M,White,2106-3,452.0
Breast,26000,1999,Female,F,Asian or Pacific Islander,A-PI,29.0
Breast,26000,1999,Female,F,Black or African American,2054-5,385.0
Breast,26000,1999,Female,F,White,2106-3,1007.0
Breast,26000,2000,Female,F,Asian or Pacific Islander,A-PI,52.0
Breast,26000,2000,Female,F,Black or African American,2054-5,350.0
Breast,26000,2000,Female,F,White,2106-3,1037.0
Breast,26000,2001,Female,F,Asian or Pacific Islander,A-PI,45.0
Breast,26000,2001,Female,F,Black or African American,2054-5,366.0
Breast,26000,2001,Female,F,White,2106-3,1002.0
Breast,26000,2002,Female,F,Asian or Pacific Islander,A-PI,37.0
Breast,26000,2002,Female,F,Black or African American,2054-5,358.0
Breast,26000,2002,Female,F,White,2106-3,921.0
Breast,26000,2003,Female,F,Asian or Pacific Islander,A-PI,43.0
Breast,26000,2003,Female,F,Black or African American,2054-5,350.0
Breast,26000,2003,Female,F,White,2106-3,929.0
Breast,26000,2004,Female,F,Asian or Pacific Islander,A-PI,39.0
Breast,26000,2004,Female,F,Black or African American,2054-5,340.0
Breast,26000,2004,Female,F,White,2106-3,838.0
Breast,26000,2005,Female,F,Asian or Pacific Islander,A-PI,43.0
Breast,26000,2005,Female,F,Black or African American,2054-5,323.0
Breast,26000,2005,Female,F,White,2106-3,795.0
Breast,26000,2006,Female,F,Asian or Pacific Islander,A-PI,38.0
Breast,26000,2006,Female,F,Black or African American,2054-5,323.0
Breast,26000,2006,Female,F,White,2106-3,797.0
Breast,26000,2007,Female,F,Asian or Pacific Islander,A-PI,43.0
Breast,26000,2007,Female,F,Black or African American,2054-5,305.0
Breast,26000,2007,Female,F,White,2106-3,740.0
Breast,26000,2008,Female,F,Asian or Pacific Islander,A-PI,39.0
Breast,26000,2008,Female,F,Black or African American,2054-5,297.0
Breast,26000,2008,Female,F,White,2106-3,721.0
Breast,26000,2009,Female,F,Asian or Pacific Islander,A-PI,38.0
Breast,26000,2009,Female,F,Black or African American,2054-5,269.0
Breast,26000,2009,Female,F,White,2106-3,744.0
Breast,26000,2010,Female,F,Asian or Pacific Islander,A-PI,37.0
Breast,26000,2010,Female,F,Black or African American,2054-5,280.0
Breast,26000,2010,Female,F,White,2106-3,635.0
Breast,26000,2011,Female,F,Asian or Pacific Islander,A-PI,46.0
Breast,26000,2011,Female,F,Black or African American,2054-5,281.0
Breast,26000,2011,Female,F,White,2106-3,708.0
Breast,26000,2012,Female,F,Asian or Pacific Islander,A-PI,57.0
Breast,26000,2012,Female,F,Black or African American,2054-5,270.0
Breast,26000,2012,Female,F,White,2106-3,647.0
Breast,26000,2013,Female,F,Asian or Pacific Islander,A-PI,31.0
Breast,26000,2013,Female,F,Black or African American,2054-5,252.0
Breast,26000,2013,Female,F,White,2106-3,680.0
Breast,26000,2014,Female,F,Asian or Pacific Islander,A-PI,62.0
Breast,26000,2014,Female,F,Black or African American,2054-5,270.0
Breast,26000,2014,Female,F,White,2106-3,714.0
Breast,26000,2015,Female,F,Asian or Pacific Islander,A-PI,43.0
Breast,26000,2015,Female,F,Black or African American,2054-5,283.0
Breast,26000,2015,Female,F,White,2106-3,712.0
Breast,26000,2016,Female,F,Asian or Pacific Islander,A-PI,63.0
Breast,26000,2016,Female,F,Black or African American,2054-5,271.0
Breast,26000,2016,Female,F,White,2106-3,819.0
Breast,26000,2017,Female,F,Asian or Pacific Islander,A-PI,52.0
Breast,26000,2017,Female,F,Black or African American,2054-5,282.0
Breast,26000,2017,Female,F,White,2106-3,723.0
Breast,26000,2018,Female,F,Asian or Pacific Islander,A-PI,57.0
Breast,26000,2018,Female,F,Black or African American,2054-5,294.0
Breast,26000,2018,Female,F,White,2106-3,744.0
Breast,26000,2019,Female,F,Asian or Pacific Islander,A-PI,54.0
Breast,26000,2019,Female,F,Black or African American,2054-5,318.0
Breast,26000,2019,Female,F,White,2106-3,821.0
Breast,26000,2020,Female,F,Asian or Pacific Islander,A-PI,51.0
Breast,26000,2020,Female,F,Black or African American,2054-5,262.0
Breast,26000,2020,Female,F,White,2106-3,742.0
Breast,26000,2021,Female,F,Asian or Pacific Islander,A-PI,63.0
Breast,26000,2021,Female,F,Black or African American,2054-5,268.0
Breast,26000,2021,Female,F,White,2106-3,735.0
Cervix Uteri,27010,1999,Female,F,Black or African American,2054-5,98.0
Cervix Uteri,27010,1999,Female,F,White,2106-3,406.0
Cervix Uteri,27010,2000,Female,F,Black or African American,2054-5,117.0
Cervix Uteri,27010,2000,Female,F,White,2106-3,407.0
Cervix Uteri,27010,2001,Female,F,Black or African American,2054-5,97.0
Cervix Uteri,27010,2001,Female,F,White,2106-3,399.0
Cervix Uteri,27010,2002,Female,F,Black or African American,2054-5,105.0
Cervix Uteri,27010,2002,Female,F,White,2106-3,383.0
Cervix Uteri,27010,2003,Female,F,Asian or Pacific Islander,A-PI,19.0
Cervix Uteri,27010,2003,Female,F,Black or African American,2054-5,109.0
Cervix Uteri,27010,2003,Female,F,White,2106-3,333.0
Cervix Uteri,27010,2004,Female,F,Black or African American,2054-5,93.0
Cervix Uteri,27010,2004,Female,F,White,2106-3,349.0
Cervix Uteri,27010,2005,Female,F,Black or African American,2054-5,78.0
Cervix Uteri,27010,2005,Female,F,White,2106-3,324.0
Cervix Uteri,27010,2006,Female,F,Asian or Pacific Islander,A-PI,17.0
Cervix Uteri,27010,2006,Female,F,Black or African American,2054-5,89.0
Cervix Uteri,27010,2006,Female,F,White,2106-3,327.0
Cervix Uteri,27010,2007,Female,F,Black or African American,2054-5,105.0
Cervix Uteri,27010,2007,Female,F,White,2106-3,350.0
Cervix Uteri,27010,2008,Female,F,Black or African American,2054-5,85.0
Cervix Uteri,27010,2008,Female,F,White,2106-3,306.0
Cervix Uteri,27010,2009,Female,F,Black or African American,2054-5,83.0
Cervix Uteri,27010,2009,Female,F,White,2106-3,331.0
Cervix Uteri,27010,2010,Female,F,Black or African American,2054-5,89.0
Cervix Uteri,27010,2010,Female,F,White,2106-3,322.0
Cervix Uteri,27010,2011,Female,F,Asian or Pacific Islander,A-PI,16.0
Cervix Uteri,27010,2011,Female,F,Black or African American,2054-5,101.0
Cervix Uteri,27010,2011,Female,F,White,2106-3,295.0
Cervix Uteri,27010,2012,Female,F,Asian or Pacific Islander,A-PI,16.0
Cervix Uteri,27010,2012,Female,F,Black or African American,2054-5,87.0
Cervix Uteri,27010,2012,Female,F,White,2106-3,338.0
Cervix Uteri,27010,2013,Female,F,Asian or Pacific Islander,A-PI,16.0
Cervix Uteri,27010,2013,Female,F,Black or African American,2054-5,80.0
Cervix Uteri,27010,2013,Female,F,White,2106-3,333.0
Cervix Uteri,27010,2014,Female,F,Black or African American,2054-5,86.0
Cervix Uteri,27010,2014,Female,F,White,2106-3,339.0
Cervix Uteri,27010,2015,Female,F,Black or African American,2054-5,77.0
Cervix Uteri,27010,2015,Female,F,White,2106-3,341.0
Cervix Uteri,27010,2016,Female,F,Asian or Pacific Islander,A-PI,22.0
Cervix Uteri,27010,2016,Female,F,Black or African American,2054-5,80.0
Cervix Uteri,27010,2016,Female,F,White,2106-3,358.0
Cervix Uteri,27010,2017,Female,F,Asian or Pacific Islander,A-PI,22.0
Cervix Uteri,27010,2017,Female,F,Black or African American,2054-5,87.0
Cervix Uteri,27010,2017,Female,F,White,2106-3,395.0
Cervix Uteri,27010,2018,Female,F,Asian or Pacific Islander,A-PI,17.0
Cervix Uteri,27010,2018,Female,F,Black or African American,2054-5,92.0
Cervix Uteri,27010,2018,Female,F,White,2106-3,354.0
Cervix Uteri,27010,2019,Female,F,Black or African American,2054-5,88.0
Cervix Uteri,27010,2019,Female,F,White,2106-3,313.0
Cervix Uteri,27010,2020,Female,F,Asian or Pacific Islander,A-PI,18.0
Cervix Uteri,27010,2020,Female,F,Black or African American,2054-5,83.0
Cervix Uteri,27010,2020,Female,F,White,2106-3,385.0
Cervix Uteri,27010,2021,Female,F,American Indian or Alaska Native,1002-5,16.0
Cervix Uteri,27010,2021,Female,F,Asian or Pacific Islander,A-PI,20.0
Cervix Uteri,27010,2021,Female,F,Black or African American,2054-5,80.0
Cervix Uteri,27010,2021,Female,F,White,2106-3,390.0
Colon and Rectum,21041-21052,1999,Female,F,Black or African American,2054-5,77.0
Colon and Rectum,21041-21052,1999,Female,F,White,2106-3,258.0
Colon and Rectum,21041-21052,1999,Male,M,Black or African American,2054-5,74.0
Colon and Rectum,21041-21052,1999,Male,M,White,2106-3,309.0
Colon and Rectum,21041-21052,2000,Female,F,Asian or Pacific Islander,A-PI,17.0
Colon and Rectum,21041-21052,2000,Female,F,Black or African American,2054-5,79.0
Colon and Rectum,21041-21052,2000,Female,F,White,2106-3,235.0
Colon and Rectum,21041-21052,2000,Male,M,Asian or Pacific Islander,A-PI,19.0
Colon and Rectum,21041-21052,2000,Male,M,Black or African American,2054-5,85.0
Colon and Rectum,21041-21052,2000,Male,M,White,2106-3,325.0
Colon and Rectum,21041-21052,2001,Female,F,Asian or Pacific Islander,A-PI,21.0
Colon and Rectum,21041-21052,2001,Female,F,Black or African American,2054-5,72.0
Colon and Rectum,21041-21052,2001,Female,F,White,2106-3,268.0
Colon and Rectum,21041-21052,2001,Male,M,Asian or Pacific Islander,A-PI,17.0
Colon and Rectum,21041-21052,2001,Male,M,Black or African American,2054-5,86.0
Colon and Rectum,21041-21052,2001,Male,M,White,2106-3,348.0
Colon and Rectum,21041-21052,2002,Female,F,Black or African American,2054-5,49.0
Colon and Rectum,21041-21052,2002,Female,F,White,2106-3,271.0
Colon and Rectum,21041-21052,2002,Male,M,Asian or Pacific Islander,A-PI,21.0
Colon and Rectum,21041-21052,2002,Male,M,Black or African American,2054-5,71.0
Colon and Rectum,21041-21052,2002,Male,M,White,2106-3,316.0
Colon and Rectum,21041-21052,2003,Female,F,Asian or Pacific Islander,A-PI,16.0
Colon and Rectum,21041-21052,2003,Female,F,Black or African American,2054-5,79.0
Colon and Rectum,21041-21052,2003,Female,F,White,2106-3,251.0
Colon and Rectum,21041-21052,2003,Male,M,Asian or Pacific Islander,A-PI,28.0
Colon and Rectum,21041-21052,2003,Male,M,Black or African American,2054-5,68.0
Colon and Rectum,21041-21052,2003,Male,M,White,2106-3,304.0
Colon and Rectum,21041-21052,2004,Female,F,Asian or Pacific Islander,A-PI,29.0
Colon and Rectum,21041-21052,2004,Female,F,Black or African American,2054-5,74.0
Colon and Rectum,21041-21052,2004,Female,F,White,2106-3,242.0
Colon and Rectum,21041-21052,2004,Male,M,Asian or Pacific Islander,A-PI,17.0
Colon and Rectum,21041-21052,2004,Male,M,Black or African American,2054-5,59.0
Colon and Rectum,21041-21052,2004,Male,M,White,2106-3,302.0
Colon and Rectum,21041-21052,2005,Female,F,Black or African American,2054-5,65.0
Colon and Rectum,21041-21052,2005,Female,F,White,2106-3,245.0
Colon and Rectum,21041-21052,2005,Male,M,Black or African American,2054-5,76.0
Colon and Rectum,21041-21052,2005,Male,M,White,2106-3,310.0
Colon and Rectum,21041-21052,2006,Female,F,Asian or Pacific Islander,A-PI,19.0
Colon and Rectum,21041-21052,2006,Female,F,Black or African American,2054-5,75.0
Colon and Rectum,21041-21052,2006,Female,F,White,2106-3,270.0
Colon and Rectum,21041-21052,2006,Male,M,Asian or Pacific Islander,A-PI,17.0
Colon and Rectum,21041-21052,2006,Male,M,Black or African American,2054-5,78.0
Colon and Rectum,21041-21052,2006,Male,M,White,2106-3,299.0
Colon and Rectum,21041-21052,2007,Female,F,Asian or Pacific Islander,A-PI,16.0
Colon and Rectum,21041-21052,2007,Female,F,Black or African American,2054-5,53.0
Colon and Rectum,21041-21052,2007,Female,F,White,2106-3,234.0
Colon and Rectum,21041-21052,2007,Male,M,Asian or Pacific Islander,A-PI,22.0
Colon and Rectum,21041-21052,2007,Male,M,Black or African American,2054-5,77.0
Colon and Rectum,21041-21052,2007,Male,M,White,2106-3,291.0
Colon and Rectum,21041-21052,2008,Female,F,Asian or Pacific Islander,A-PI,29.0
Colon and Rectum,21041-21052,2008,Female,F,Black or African American,2054-5,74.0
Colon and Rectum,21041-21052,2008,Female,F,White,2106-3,276.0
Colon and Rectum,21041-21052,2008,Male,M,Asian or Pacific Islander,A-PI,17.0
Colon and Rectum,21041-21052,2008,Male,M,Black or African American,2054-5,79.0
Colon and Rectum,21041-21052,2008,Male,M,White,2106-3,333.0
Colon and Rectum,21041-21052,2009,Female,F,Asian or Pacific Islander,A-PI,21.0
Colon and Rectum,21041-21052,2009,Female,F,Black or African American,2054-5,71.0
Colon and Rectum,21041-21052,2009,Female,F,White,2106-3,234.0
Colon and Rectum,21041-21052,2009,Male,M,Black or African American,2054-5,77.0
Colon and Rectum,21041-21052,2009,Male,M,White,2106-3,355.0
Colon and Rectum,21041-21052,2010,Female,F,Asian or Pacific Islander,A-PI,20.0
Colon and Rectum,21041-21052,2010,Female,F,Black or African American,2054-5,78.0
Colon and Rectum,21041-21052,2010,Female,F,White,2106-3,235.0
Colon and Rectum,21041-21052,2010,Male,M,Asian or Pacific Islander,A-PI,28.0
Colon and Rectum,21041-21052,2010,Male,M,Black or African American,2054-5,75.0
Colon and Rectum,21041-21052,2010,Male,M,White,2106-3,335.0
Colon and Rectum,21041-21052,2011,Female,F,Black or African American,2054-5,85.0
Colon and Rectum,21041-21052,2011,Female,F,White,2106-3,241.0
Colon and Rectum,21041-21052,2011,Male,M,Asian or Pacific Islander,A-PI,21.0
Colon and Rectum,21041-21052,2011,Male,M,Black or African American,2054-5,82.0
Colon and Rectum,21041-21052,2011,Male,M,White,2106-3,334.0
Colon and Rectum,21041-21052,2012,Female,F,Asian or Pacific Islander,A-PI,18.0
Colon and Rectum,21041-21052,2012,Female,F,Black or African American,2054-5,74.0
Colon and Rectum,21041-21052,2012,Female,F,White,2106-3,269.0
Colon and Rectum,21041-21052,2012,Male,M,Asian or Pacific Islander,A-PI,29.0
Colon and Rectum,21041-21052,2012,Male,M,Black or African American,2054-5,69.0
Colon and Rectum,21041-21052,2012,Male,M,White,2106-3,357.0
Colon and Rectum,21041-21052,2013,Female,F,Asian or Pacific Islander,A-PI,26.0
Colon and Rectum,21041-21052,2013,Female,F,Black or African American,2054-5,57.0
Colon and Rectum,21041-21052,2013,Female,F,White,2106-3,264.0
Colon and Rectum,21041-21052,2013,Male,M,Asian or Pacific Islander,A-PI,28.0
Colon and Rectum,21041-21052,2013,Male,M,Black or African American,2054-5,93.0
Colon and Rectum,21041-21052,2013,Male,M,White,2106-3,363.0
Colon and Rectum,21041-21052,2014,Female,F,Asian or Pacific Islander,A-PI,23.0
Colon and Rectum,21041-21052,2014,Female,F,Black or African American,2054-5,80.0
Colon and Rectum,21041-21052,2014,Female,F,White,2106-3,273.0
Colon and Rectum,21041-21052,2014,Male,M,Asian or Pacific Islander,A-PI,22.0
Colon and Rectum,21041-21052,2014,Male,M,Black or African American,2054-5,80.0
Colon and Rectum,21041-21052,2014,Male,M,White,2106-3,339.0
Colon and Rectum,21041-21052,2015,Female,F,Asian or Pacific Islander,A-PI,22.0
Colon and Rectum,21041-21052,2015,Female,F,Black or African American,2054-5,83.0
Colon and Rectum,21041-21052,2015,Female,F,White,2106-3,255.0
Colon and Rectum,21041-21052,2015,Male,M,Asian or Pacific Islander,A-PI,24.0
Colon and Rectum,21041-21052,2015,Male,M,Black or African American,2054-5,85.0
Colon and Rectum,21041-21052,2015,Male,M,White,2106-3,372.0
Colon and Rectum,21041-21052,2016,Female,F,Asian or Pacific Islander,A-PI,29.0
Colon and Rectum,21041-21052,2016,Female,F,Black or African American,2054-5,84.0
Colon and Rectum,21041-21052,2016,Female,F,White,2106-3,296.0
Colon and Rectum,21041-21052,2016,Male,M,Asian or Pacific Islander,A-PI,27.0
Colon and Rectum,21041-21052,2016,Male,M,Black or African American,2054-5,87.0
Colon and Rectum,21041-21052,2016,Male,M,White,2106-3,367.0
Colon and Rectum,21041-21052,2017,Female,F,Asian or Pacific Islander,A-PI,24.0
Colon and Rectum,21041-21052,2017,Female,F,Black or African American,2054-5,69.0
Colon and Rectum,21041-21052,2017,Female,F,White,2106-3,302.0
Colon and Rectum,21041-21052,2017,Male,M,Asian or Pacific Islander,A-PI,27.0
Colon and Rectum,21041-21052,2017,Male,M,Black or African American,2054-5,99.0
Colon and Rectum,21041-21052,2017,Male,M,White,2106-3,334.0
Colon and Rectum,21041-21052,2018,Female,F,Asian or Pacific Islander,A-PI,17.0
Colon and Rectum,21041-21052,2018,Female,F,Black or African American,2054-5,87.0
Colon and Rectum,21041-21052,2018,Female,F,White,2106-3,290.0
Colon and Rectum,21041-21052,2018,Male,M,Asian or Pacific Islander,A-PI,41.0
Colon and Rectum,21041-21052,2018,Male,M,Black or African American,2054-5,83.0
Colon and Rectum,21041-21052,2018,Male,M,White,2106-3,393.0
Colon and Rectum,21041-21052,2019,Female,F,Asian or Pacific Islander,A-PI,28.0
Colon and Rectum,21041-21052,2019,Female,F,Black or African American,2054-5,67.0
Colon and Rectum,21041-21052,2019,Female,F,White,2106-3,282.0
Colon and Rectum,21041-21052,2019,Male,M,Asian or Pacific Islander,A-PI,26.0
Colon and Rectum,21041-21052,2019,Male,M,Black or African American,2054-5,76.0
Colon and Rectum,21041-21052,2019,Male,M,White,2106-3,373.0
Colon and Rectum,21041-21052,2020,Female,F,Asian or Pacific Islander,A-PI,27.0
Colon and Rectum,21041-21052,2020,Female,F,Black or African American,2054-5,78.0
Colon and Rectum,21041-21052,2020,Female,F,White,2106-3,284.0
Colon and Rectum,21041-21052,2020,Male,M,Asian or Pacific Islander,A-PI,35.0
Colon and Rectum,21041-21052,2020,Male,M,Black or African American,2054-5,109.0
Colon and Rectum,21041-21052,2020,Male,M,White,2106-3,415.0
Colon and Rectum,21041-21052,2021,Female,F,Asian or Pacific Islander,A-PI,28.0
Colon and Rectum,21041-21052,2021,Female,F,Black or African American,2054-5,86.0
Colon and Rectum,21041-21052,2021,Female,F,White,2106-3,299.0
Colon and Rectum,21041-21052,2021,Male,M,Asian or Pacific Islander,A-PI,38.0
Colon and Rectum,21041-21052,2021,Male,M,Black or African American,2054-5,97.0
Colon and Rectum,21041-21052,2021,Male,M,White,2106-3,398.0
Corpus Uteri,27020,1999,Female,F,White,2106-3,24.0
Corpus Uteri,27020,2000,Female,F,White,2106-3,21.0
Corpus Uteri,27020,2001,Female,F,White,2106-3,20.0
Corpus Uteri,27020,2002,Female,F,White,2106-3,20.0
Corpus Uteri,27020,2003,Female,F,White,2106-3,18.0
Corpus Uteri,27020,2004,Female,F,White,2106-3,27.0
Corpus Uteri,27020,2005,Female,F,White,2106-3,22.0
Corpus Uteri,27020,2006,Female,F,White,2106-3,25.0
Corpus Uteri,27020,2007,Female,F,White,2106-3,22.0
Corpus Uteri,27020,2008,Female,F,White,2106-3,25.0
Corpus Uteri,27020,2009,Female,F,White,2106-3,21.0
Corpus Uteri,27020,2010,Female,F,White,2106-3,22.0
Corpus Uteri,27020,2011,Female,F,White,2106-3,29.0
Corpus Uteri,27020,2012,Female,F,White,2106-3,32.0
Corpus Uteri,27020,2013,Female,F,White,2106-3,29.0
Corpus Uteri,27020,2014,Female,F,White,2106-3,26.0
Corpus Uteri,27020,2015,Female,F,White,2106-3,31.0
Corpus Uteri,27020,2016,Female,F,White,2106-3,49.0
Corpus Uteri,27020,2017,Female,F,White,2106-3,38.0
Corpus Uteri,27020,2018,Female,F,White,2106-3,47.0
Corpus Uteri,27020,2019,Female,F,White,2106-3,45.0
Corpus Uteri,27020,2020,Female,F,White,2106-3,45.0
Corpus Uteri,27020,2021,Female,F,White,2106-3,64.0
Esophagus,21010,1999,Male,M,White,2106-3,84.0
Esophagus,21010,2000,Male,M,White,2106-3,100.0
Esophagus,21010,2001,Female,F,White,2106-3,17.0
Esophagus,21010,2001,Male,M,White,2106-3,70.0
Esophagus,21010,2002,Male,M,White,2106-3,81.0
Esophagus,21010,2003,Male,M,White,2106-3,81.0
Esophagus,21010,2004,Male,M,White,2106-3,78.0
Esophagus,21010,2005,Male,M,White,2106-3,82.0
Esophagus,21010,2006,Male,M,White,2106-3,86.0
Esophagus,21010,2007,Male,M,White,2106-3,67.0
Esophagus,21010,2008,Female,F,White,2106-3,17.0
Esophagus,21010,2008,Male,M,White,2106-3,61.0
Esophagus,21010,2009,Male,M,White,2106-3,78.0
Esophagus,21010,2010,Male,M,White,2106-3,70.0
Esophagus,21010,2011,Female,F,White,2106-3,17.0
Esophagus,21010,2011,Male,M,White,2106-3,84.0
Esophagus,21010,2012,Male,M,White,2106-3,59.0
Esophagus,21010,2013,Male,M,White,2106-3,65.0
Esophagus,21010,2014,Female,F,White,2106-3,18.0
Esophagus,21010,2014,Male,M,White,2106-3,75.0
Esophagus,21010,2015,Female,F,White,2106-3,18.0
Esophagus,21010,2015,Male,M,White,2106-3,66.0
Esophagus,21010,2016,Female,F,White,2106-3,16.0
Esophagus,21010,2016,Male,M,White,2106-3,78.0
Esophagus,21010,2017,Female,F,White,2106-3,17.0
Esophagus,21010,2017,Male,M,White,2106-3,77.0
Esophagus,21010,2018,Female,F,White,2106-3,16.0
Esophagus,21010,2018,Male,M,White,2106-3,83.0
Esophagus,21010,2019,Female,F,White,2106-3,20.0
Esophagus,21010,2019,Male,M,White,2106-3,88.0
Esophagus,21010,2020,Male,M,White,2106-3,72.0
Esophagus,21010,2021,Male,M,White,2106-3,85.0
Kidney and Renal Pelvis,29020,1999,Female,F,White,2106-3,39.0
Kidney and Renal Pelvis,29020,1999,Male,M,Black or African American,2054-5,39.0
Kidney and Renal Pelvis,29020,1999,Male,M,White,2106-3,74.0
Kidney and Renal Pelvis,29020,2000,Female,F,Black or African American,2054-5,17.0
Kidney and Renal Pelvis,29020,2000,Female,F,White,2106-3,34.0
Kidney and Renal Pelvis,29020,2000,Male,M,Black or African American,2054-5,18.0
Kidney and Renal Pelvis,29020,2000,Male,M,White,2106-3,63.0
Kidney and Renal Pelvis,29020,2001,Female,F,White,2106-3,27.0
Kidney and Renal Pelvis,29020,2001,Male,M,Black or African American,2054-5,30.0
Kidney and Renal Pelvis,29020,2001,Male,M,White,2106-3,61.0
Kidney and Renal Pelvis,29020,2002,Female,F,White,2106-3,39.0
Kidney and Renal Pelvis,29020,2002,Male,M,Black or African American,2054-5,27.0
Kidney and Renal Pelvis,29020,2002,Male,M,White,2106-3,68.0
Kidney and Renal Pelvis,29020,2003,Female,F,Black or African American,2054-5,17.0
Kidney and Renal Pelvis,29020,2003,Female,F,White,2106-3,32.0
Kidney and Renal Pelvis,29020,2003,Male,M,Black or African American,2054-5,27.0
Kidney and Renal Pelvis,29020,2003,Male,M,White,2106-3,67.0
Kidney and Renal Pelvis,29020,2004,Female,F,White,2106-3,34.0
Kidney and Renal Pelvis,29020,2004,Male,M,Black or African American,2054-5,25.0
Kidney and Renal Pelvis,29020,2004,Male,M,White,2106-3,59.0
Kidney and Renal Pelvis,29020,2005,Female,F,Black or African American,2054-5,16.0
Kidney and Renal Pelvis,29020,2005,Female,F,White,2106-3,34.0
Kidney and Renal Pelvis,29020,2005,Male,M,Black or African American,2054-5,30.0
Kidney and Renal Pelvis,29020,2005,Male,M,White,2106-3,50.0
Kidney and Renal Pelvis,29020,2006,Female,F,White,2106-3,43.0
Kidney and Renal Pelvis,29020,2006,Male,M,Black or African American,2054-5,36.0
Kidney and Renal Pelvis,29020,2006,Male,M,White,2106-3,48.0
Kidney and Renal Pelvis,29020,2007,Female,F,White,2106-3,32.0
Kidney and Renal Pelvis,29020,2007,Male,M,Black or African American,2054-5,24.0
Kidney and Renal Pelvis,29020,2007,Male,M,White,2106-3,62.0
Kidney and Renal Pelvis,29020,2008,Female,F,Black or African American,2054-5,16.0
Kidney and Renal Pelvis,29020,2008,Female,F,White,2106-3,28.0
Kidney and Renal Pelvis,29020,2008,Male,M,Black or African American,2054-5,28.0
Kidney and Renal Pelvis,29020,2008,Male,M,White,2106-3,50.0
Kidney and Renal Pelvis,29020,2009,Female,F,White,2106-3,35.0
Kidney and Renal Pelvis,29020,2009,Male,M,Black or African American,2054-5,29.0
Kidney and Renal Pelvis,29020,2009,Male,M,White,2106-3,63.0
Kidney and Renal Pelvis,29020,2010,Female,F,Black or African American,2054-5,20.0
Kidney and Renal Pelvis,29020,2010,Female,F,White,2106-3,20.0
Kidney and Renal Pelvis,29020,2010,Male,M,Black or African American,2054-5,35.0
Kidney and Renal Pelvis,29020,2010,Male,M,White,2106-3,51.0
Kidney and Renal Pelvis,29020,2011,Female,F,Black or African American,2054-5,17.0
Kidney and Renal Pelvis,29020,2011,Female,F,White,2106-3,37.0
Kidney and Renal Pelvis,29020,2011,Male,M,Black or African American,2054-5,32.0
Kidney and Renal Pelvis,29020,2011,Male,M,White,2106-3,71.0
Kidney and Renal Pelvis,29020,2012,Female,F,White,2106-3,36.0
Kidney and Renal Pelvis,29020,2012,Male,M,Black or African American,2054-5,22.0
Kidney and Renal Pelvis,29020,2012,Male,M,White,2106-3,52.0
Kidney and Renal Pelvis,29020,2013,Female,F,Black or African American,2054-5,19.0
Kidney and Renal Pelvis,29020,2013,Female,F,White,2106-3,33.0
Kidney and Renal Pelvis,29020,2013,Male,M,Black or African American,2054-5,29.0
Kidney and Renal Pelvis,29020,2013,Male,M,White,2106-3,59.0
Kidney and Renal Pelvis,29020,2014,Female,F,Black or African American,2054-5,18.0
Kidney and Renal Pelvis,29020,2014,Female,F,White,2106-3,30.0
Kidney and Renal Pelvis,29020,2014,Male,M,Black or African American,2054-5,41.0
Kidney and Renal Pelvis,29020,2014,Male,M,White,2106-3,58.0
Kidney and Renal Pelvis,29020,2015,Female,F,Black or African American,2054-5,18.0
Kidney and Renal Pelvis,29020,2015,Female,F,White,2106-3,31.0
Kidney and Renal Pelvis,29020,2015,Male,M,Black or African American,2054-5,39.0
Kidney and Renal Pelvis,29020,2015,Male,M,White,2106-3,62.0
Kidney and Renal Pelvis,29020,2016,Female,F,Black or African American,2054-5,22.0
Kidney and Renal Pelvis,29020,2016,Female,F,White,2106-3,25.0
Kidney and Renal Pelvis,29020,2016,Male,M,Black or African American,2054-5,48.0
Kidney and Renal Pelvis,29020,2016,Male,M,White,2106-3,67.0
Kidney and Renal Pelvis,29020,2017,Female,F,White,2106-3,44.0
Kidney and Renal Pelvis,29020,2017,Male,M,Black or African American,2054-5,29.0
Kidney and Renal Pelvis,29020,2017,Male,M,White,2106-3,63.0
Kidney and Renal Pelvis,29020,2018,Female,F,Black or African American,2054-5,22.0
Kidney and Renal Pelvis,29020,2018,Female,F,White,2106-3,45.0
Kidney and Renal Pelvis,29020,2018,Male,M,Black or African American,2054-5,25.0
Kidney and Renal Pelvis,29020,2018,Male,M,White,2106-3,65.0
Kidney and Renal Pelvis,29020,2019,Female,F,White,2106-3,26.0
Kidney and Renal Pelvis,29020,2019,Male,M,Black or African American,2054-5,32.0
Kidney and Renal Pelvis,29020,2019,Male,M,White,2106-3,69.0
Kidney and Renal Pelvis,29020,2020,Female,F,Black or African American,2054-5,22.0
Kidney and Renal Pelvis,29020,2020,Female,F,White,2106-3,23.0
Kidney and Renal Pelvis,29020,2020,Male,M,Black or African American,2054-5,38.0
Kidney and Renal Pelvis,29020,2020,Male,M,White,2106-3,46.0
Kidney and Renal Pelvis,29020,2021,Female,F,Black or African American,2054-5,16.0
Kidney and Renal Pelvis,29020,2021,Female,F,White,2106-3,29.0
Kidney and Renal Pelvis,29020,2021,Male,M,Black or African American,2054-5,25.0
Kidney and Renal Pelvis,29020,2021,Male,M,White,2106-3,59.0
Larynx,22020,1999,Male,M,White,2106-3,17.0
Leukemias,35011-35043,1999,Female,F,Asian or Pacific Islander,A-PI,16.0
Leukemias,35011-35043,1999,Female,F,Black or African American,2054-5,83.0
Leukemias,35011-35043,1999,Female,F,White,2106-3,392.0
Leukemias,35011-35043,1999,Male,M,Asian or Pacific Islander,A-PI,27.0
Leukemias,35011-35043,1999,Male,M,Black or African American,2054-5,85.0
Leukemias,35011-35043,1999,Male,M,White,2106-3,525.0
Leukemias,35011-35043,2000,Female,F,Asian or Pacific Islander,A-PI,21.0
Leukemias,35011-35043,2000,Female,F,Black or African American,2054-5,79.0
Leukemias,35011-35043,2000,Female,F,White,2106-3,348.0
Leukemias,35011-35043,2000,Male,M,Asian or Pacific Islander,A-PI,29.0
Leukemias,35011-35043,2000,Male,M,Black or African American,2054-5,94.0
Leukemias,35011-35043,2000,Male,M,White,2106-3,482.0
Leukemias,35011-35043,2001,Female,F,Asian or Pacific Islander,A-PI,22.0
Leukemias,35011-35043,2001,Female,F,Black or African American,2054-5,70.0
Leukemias,35011-35043,2001,Female,F,White,2106-3,367.0
Leukemias,35011-35043,2001,Male,M,Asian or Pacific Islander,A-PI,25.0
Leukemias,35011-35043,2001,Male,M,Black or African American,2054-5,96.0
Leukemias,35011-35043,2001,Male,M,White,2106-3,521.0
Leukemias,35011-35043,2002,Female,F,Asian or Pacific Islander,A-PI,20.0
Leukemias,35011-35043,2002,Female,F,Black or African American,2054-5,60.0
Leukemias,35011-35043,2002,Female,F,White,2106-3,346.0
Leukemias,35011-35043,2002,Male,M,Asian or Pacific Islander,A-PI,28.0
Leukemias,35011-35043,2002,Male,M,Black or African American,2054-5,76.0
Leukemias,35011-35043,2002,Male,M,White,2106-3,487.0
Leukemias,35011-35043,2003,Female,F,Black or African American,2054-5,61.0
Leukemias,35011-35043,2003,Female,F,White,2106-3,324.0
Leukemias,35011-35043,2003,Male,M,Asian or Pacific Islander,A-PI,25.0
Leukemias,35011-35043,2003,Male,M,Black or African American,2054-5,94.0
Leukemias,35011-35043,2003,Male,M,White,2106-3,444.0
Leukemias,35011-35043,2004,Female,F,Asian or Pacific Islander,A-PI,16.0
Leukemias,35011-35043,2004,Female,F,Black or African American,2054-5,65.0
Leukemias,35011-35043,2004,Female,F,White,2106-3,299.0
Leukemias,35011-35043,2004,Male,M,Asian or Pacific Islander,A-PI,20.0
Leukemias,35011-35043,2004,Male,M,Black or African American,2054-5,83.0
Leukemias,35011-35043,2004,Male,M,White,2106-3,435.0
Leukemias,35011-35043,2005,Female,F,Asian or Pacific Islander,A-PI,20.0
Leukemias,35011-35043,2005,Female,F,Black or African American,2054-5,62.0
Leukemias,35011-35043,2005,Female,F,White,2106-3,337.0
Leukemias,35011-35043,2005,Male,M,Asian or Pacific Islander,A-PI,23.0
Leukemias,35011-35043,2005,Male,M,Black or African American,2054-5,83.0
Leukemias,35011-35043,2005,Male,M,White,2106-3,462.0
Leukemias,35011-35043,2006,Female,F,Asian or Pacific Islander,A-PI,22.0
Leukemias,35011-35043,2006,Female,F,Black or African American,2054-5,65.0
Leukemias,35011-35043,2006,Female,F,White,2106-3,325.0
Leukemias,35011-35043,2006,Male,M,Asian or Pacific Islander,A-PI,26.0
Leukemias,35011-35043,2006,Male,M,Black or African American,2054-5,79.0
Leukemias,35011-35043,2006,Male,M,White,2106-3,498.0
Leukemias,35011-35043,2007,Female,F,Asian or Pacific Islander,A-PI,16.0
Leukemias,35011-35043,2007,Female,F,Black or African American,2054-5,62.0
Leukemias,35011-35043,2007,Female,F,White,2106-3,312.0
Leukemias,35011-35043,2007,Male,M,Asian or Pacific Islander,A-PI,23.0
Leukemias,35011-35043,2007,Male,M,Black or African American,2054-5,76.0
Leukemias,35011-35043,2007,Male,M,White,2106-3,417.0
Leukemias,35011-35043,2008,Female,F,Asian or Pacific Islander,A-PI,30.0
Leukemias,35011-35043,2008,Female,F,Black or African American,2054-5,47.0
Leukemias,35011-35043,2008,Female,F,White,2106-3,284.0
Leukemias,35011-35043,2008,Male,M,Asian or Pacific Islander,A-PI,30.0
Leukemias,35011-35043,2008,Male,M,Black or African American,2054-5,90.0
Leukemias,35011-35043,2008,Male,M,White,2106-3,491.0
Leukemias,35011-35043,2009,Female,F,Asian or Pacific Islander,A-PI,18.0
Leukemias,35011-35043,2009,Female,F,Black or African American,2054-5,58.0
Leukemias,35011-35043,2009,Female,F,White,2106-3,309.0
Leukemias,35011-35043,2009,Male,M,Asian or Pacific Islander,A-PI,28.0
Leukemias,35011-35043,2009,Male,M,Black or African American,2054-5,83.0
Leukemias,35011-35043,2009,Male,M,White,2106-3,473.0
Leukemias,35011-35043,2010,Female,F,Asian or Pacific Islander,A-PI,29.0
Leukemias,35011-35043,2010,Female,F,Black or African American,2054-5,50.0
Leukemias,35011-35043,2010,Female,F,White,2106-3,313.0
Leukemias,35011-35043,2010,Male,M,Asian or Pacific Islander,A-PI,34.0
Leukemias,35011-35043,2010,Male,M,Black or African American,2054-5,78.0
Leukemias,35011-35043,2010,Male,M,White,2106-3,430.0
Leukemias,35011-35043,2011,Female,F,Asian or Pacific Islander,A-PI,17.0
Leukemias,35011-35043,2011,Female,F,Black or African American,2054-5,64.0
Leukemias,35011-35043,2011,Female,F,White,2106-3,274.0
Leukemias,35011-35043,2011,Male,M,Asian or Pacific Islander,A-PI,30.0
Leukemias,35011-35043,2011,Male,M,Black or African American,2054-5,87.0
Leukemias,35011-35043,2011,Male,M,White,2106-3,407.0
Leukemias,35011-35043,2012,Female,F,Black or African American,2054-5,50.0
Leukemias,35011-35043,2012,Female,F,White,2106-3,275.0
Leukemias,35011-35043,2012,Male,M,Asian or Pacific Islander,A-PI,37.0
Leukemias,35011-35043,2012,Male,M,Black or African American,2054-5,71.0
Leukemias,35011-35043,2012,Male,M,White,2106-3,391.0
Leukemias,35011-35043,2013,Female,F,Asian or Pacific Islander,A-PI,19.0
Leukemias,35011-35043,2013,Female,F,Black or African American,2054-5,51.0
Leukemias,35011-35043,2013,Female,F,White,2106-3,261.0
Leukemias,35011-35043,2013,Male,M,Asian or Pacific Islander,A-PI,28.0
Leukemias,35011-35043,2013,Male,M,Black or African American,2054-5,69.0
Leukemias,35011-35043,2013,Male,M,White,2106-3,389.0
Leukemias,35011-35043,2014,Female,F,Asian or Pacific Islander,A-PI,21.0
Leukemias,35011-35043,2014,Female,F,Black or African American,2054-5,60.0
Leukemias,35011-35043,2014,Female,F,White,2106-3,278.0
Leukemias,35011-35043,2014,Male,M,Asian or Pacific Islander,A-PI,28.0
Leukemias,35011-35043,2014,Male,M,Black or African American,2054-5,74.0
Leukemias,35011-35043,2014,Male,M,White,2106-3,400.0
Leukemias,35011-35043,2015,Female,F,Asian or Pacific Islander,A-PI,29.0
Leukemias,35011-35043,2015,Female,F,Black or African American,2054-5,62.0
Leukemias,35011-35043,2015,Female,F,White,2106-3,225.0
Leukemias,35011-35043,2015,Male,M,Asian or Pacific Islander,A-PI,30.0
Leukemias,35011-35043,2015,Male,M,Black or African American,2054-5,83.0
Leukemias,35011-35043,2015,Male,M,White,2106-3,398.0
Leukemias,35011-35043,2016,Female,F,Asian or Pacific Islander,A-PI,18.0
Leukemias,35011-35043,2016,Female,F,Black or African American,2054-5,67.0
Leukemias,35011-35043,2016,Female,F,White,2106-3,256.0
Leukemias,35011-35043,2016,Male,M,Asian or Pacific Islander,A-PI,28.0
Leukemias,35011-35043,2016,Male,M,Black or African American,2054-5,84.0
Leukemias,35011-35043,2016,Male,M,White,2106-3,411.0
Leukemias,35011-35043,2017,Female,F,Asian or Pacific Islander,A-PI,21.0
Leukemias,35011-35043,2017,Female,F,Black or African American,2054-5,44.0
Leukemias,35011-35043,2017,Female,F,White,2106-3,249.0
Leukemias,35011-35043,2017,Male,M,Asian or Pacific Islander,A-PI,24.0
Leukemias,35011-35043,2017,Male,M,Black or African American,2054-5,64.0
Leukemias,35011-35043,2017,Male,M,White,2106-3,377.0
Leukemias,35011-35043,2018,Female,F,Asian or Pacific Islander,A-PI,20.0
Leukemias,35011-35043,2018,Female,F,Black or African American,2054-5,52.0
Leukemias,35011-35043,2018,Female,F,White,2106-3,250.0
Leukemias,35011-35043,2018,Male,M,Asian or Pacific Islander,A-PI,28.0
Leukemias,35011-35043,2018,Male,M,Black or African American,2054-5,75.0
Leukemias,35011-35043,2018,Male,M,White,2106-3,349.0
Leukemias,35011-35043,2019,Female,F,Asian or Pacific Islander,A-PI,18.0
Leukemias,35011-35043,2019,Female,F,Black or African American,2054-5,51.0
Leukemias,35011-35043,2019,Female,F,White,2106-3,245.0
Leukemias,35011-35043,2019,Male,M,Asian or Pacific Islander,A-PI,24.0
Leukemias,35011-35043,2019,Male,M,Black or African American,2054-5,86.0
Leukemias,35011-35043,2019,Male,M,White,2106-3,378.0
Leukemias,35011-35043,2020,Female,F,Asian or Pacific Islander,A-PI,21.0
Leukemias,35011-35043,2020,Female,F,Black or African American,2054-5,59.0
Leukemias,35011-35043,2020,Female,F,White,2106-3,232.0
Leukemias,35011-35043,2020,Male,M,Asian or Pacific Islander,A-PI,17.0
Leukemias,35011-35043,2020,Male,M,Black or African American,2054-5,75.0
Leukemias,35011-35043,2020,Male,M,White,2106-3,337.0
Leukemias,35011-35043,2021,Female,F,Asian or Pacific Islander,A-PI,19.0
Leukemias,35011-35043,2021,Female,F,Black or African American,2054-5,56.0
Leukemias,35011-35043,2021,Female,F,White,2106-3,227.0
Leukemias,35011-35043,2021,Male,M,Asian or Pacific Islander,A-PI,24.0
Leukemias,35011-35043,2021,Male,M,Black or African American,2054-5,68.0
Leukemias,35011-35043,2021,Male,M,White,2106-3,323.0
Liver,21071,1999,Female,F,White,2106-3,34.0
Liver,21071,1999,Male,M,Asian or Pacific Islander,A-PI,33.0
Liver,21071,1999,Male,M,Black or African American,2054-5,33.0
Liver,21071,1999,Male,M,White,2106-3,53.0
Liver,21071,2000,Female,F,White,2106-3,39.0
Liver,21071,2000,Male,M,Asian or Pacific Islander,A-PI,34.0
Liver,21071,2000,Male,M,Black or African American,2054-5,30.0
Liver,21071,2000,Male,M,White,2106-3,53.0
Liver,21071,2001,Female,F,White,2106-3,41.0
Liver,21071,2001,Male,M,Asian or Pacific Islander,A-PI,28.0
Liver,21071,2001,Male,M,Black or African American,2054-5,33.0
Liver,21071,2001,Male,M,White,2106-3,65.0
Liver,21071,2002,Female,F,White,2106-3,40.0
Liver,21071,2002,Male,M,Asian or Pacific Islander,A-PI,41.0
Liver,21071,2002,Male,M,Black or African American,2054-5,27.0
Liver,21071,2002,Male,M,White,2106-3,59.0
Liver,21071,2003,Female,F,White,2106-3,29.0
Liver,21071,2003,Male,M,Asian or Pacific Islander,A-PI,29.0
Liver,21071,2003,Male,M,Black or African American,2054-5,35.0
Liver,21071,2003,Male,M,White,2106-3,55.0
Liver,21071,2004,Female,F,White,2106-3,21.0
Liver,21071,2004,Male,M,Asian or Pacific Islander,A-PI,25.0
Liver,21071,2004,Male,M,Black or African American,2054-5,35.0
Liver,21071,2004,Male,M,White,2106-3,54.0
Liver,21071,2005,Female,F,White,2106-3,28.0
Liver,21071,2005,Male,M,Asian or Pacific Islander,A-PI,26.0
Liver,21071,2005,Male,M,Black or African American,2054-5,42.0
Liver,21071,2005,Male,M,White,2106-3,53.0
Liver,21071,2006,Female,F,White,2106-3,34.0
Liver,21071,2006,Male,M,Asian or Pacific Islander,A-PI,33.0
Liver,21071,2006,Male,M,Black or African American,2054-5,32.0
Liver,21071,2006,Male,M,White,2106-3,46.0
Liver,21071,2007,Female,F,White,2106-3,38.0
Liver,21071,2007,Male,M,Asian or Pacific Islander,A-PI,21.0
Liver,21071,2007,Male,M,Black or African American,2054-5,30.0
Liver,21071,2007,Male,M,White,2106-3,61.0
Liver,21071,2008,Female,F,White,2106-3,32.0
Liver,21071,2008,Male,M,Asian or Pacific Islander,A-PI,22.0
Liver,21071,2008,Male,M,Black or African American,2054-5,30.0
Liver,21071,2008,Male,M,White,2106-3,45.0
Liver,21071,2009,Female,F,White,2106-3,26.0
Liver,21071,2009,Male,M,Asian or Pacific Islander,A-PI,20.0
Liver,21071,2009,Male,M,Black or African American,2054-5,22.0
Liver,21071,2009,Male,M,White,2106-3,48.0
Liver,21071,2010,Female,F,White,2106-3,27.0
Liver,21071,2010,Male,M,Asian or Pacific Islander,A-PI,28.0
Liver,21071,2010,Male,M,Black or African American,2054-5,22.0
Liver,21071,2010,Male,M,White,2106-3,41.0
Liver,21071,2011,Female,F,White,2106-3,31.0
Liver,21071,2011,Male,M,Asian or Pacific Islander,A-PI,25.0
Liver,21071,2011,Male,M,Black or African American,2054-5,23.0
Liver,21071,2011,Male,M,White,2106-3,41.0
Liver,21071,2012,Female,F,White,2106-3,25.0
Liver,21071,2012,Male,M,Asian or Pacific Islander,A-PI,23.0
Liver,21071,2012,Male,M,Black or African American,2054-5,28.0
Liver,21071,2012,Male,M,White,2106-3,42.0
Liver,21071,2013,Female,F,White,2106-3,37.0
Liver,21071,2013,Male,M,Asian or Pacific Islander,A-PI,31.0
Liver,21071,2013,Male,M,Black or African American,2054-5,28.0
Liver,21071,2013,Male,M,White,2106-3,47.0
Liver,21071,2014,Female,F,White,2106-3,35.0
Liver,21071,2014,Male,M,Asian or Pacific Islander,A-PI,18.0
Liver,21071,2014,Male,M,Black or African American,2054-5,23.0
Liver,21071,2014,Male,M,White,2106-3,34.0
Liver,21071,2015,Female,F,White,2106-3,28.0
Liver,21071,2015,Male,M,Asian or Pacific Islander,A-PI,27.0
Liver,21071,2015,Male,M,Black or African American,2054-5,30.0
Liver,21071,2015,Male,M,White,2106-3,49.0
Liver,21071,2016,Female,F,White,2106-3,32.0
Liver,21071,2016,Male,M,Asian or Pacific Islander,A-PI,21.0
Liver,21071,2016,Male,M,Black or African American,2054-5,38.0
Liver,21071,2016,Male,M,White,2106-3,50.0
Liver,21071,2017,Female,F,White,2106-3,38.0
Liver,21071,2017,Male,M,Asian or Pacific Islander,A-PI,20.0
Liver,21071,2017,Male,M,Black or African American,2054-5,37.0
Liver,21071,2017,Male,M,White,2106-3,44.0
Liver,21071,2018,Female,F,White,2106-3,30.0
Liver,21071,2018,Male,M,Black or African American,2054-5,36.0
Liver,21071,2018,Male,M,White,2106-3,34.0
Liver,21071,2019,Female,F,White,2106-3,26.0
Liver,21071,2019,Male,M,Asian or Pacific Islander,A-PI,18.0
Liver,21071,2019,Male,M,Black or African American,2054-5,26.0
Liver,21071,2019,Male,M,White,2106-3,42.0
Liver,21071,2020,Female,F,White,2106-3,31.0
Liver,21071,2020,Male,M,Asian or Pacific Islander,A-PI,17.0
Liver,21071,2020,Male,M,Black or African American,2054-5,26.0
Liver,21071,2020,Male,M,White,2106-3,45.0
Liver,21071,2021,Female,F,White,2106-3,32.0
Liver,21071,2021,Male,M,Asian or Pacific Islander,A-PI,23.0
Liver,21071,2021,Male,M,Black or African American,2054-5,20.0
Liver,21071,2021,Male,M,White,2106-3,48.0
Lung and Bronchus,22030,1999,Female,F,Black or African American,2054-5,82.0
Lung and Bronchus,22030,1999,Female,F,White,2106-3,335.0
Lung and Bronchus,22030,1999,Male,M,Asian or Pacific Islander,A-PI,17.0
Lung and Bronchus,22030,1999,Male,M,Black or African American,2054-5,77.0
Lung and Bronchus,22030,1999,Male,M,White,2106-3,332.0
Lung and Bronchus,22030,2000,Female,F,Black or African American,2054-5,82.0
Lung and Bronchus,22030,2000,Female,F,White,2106-3,299.0
Lung and Bronchus,22030,2000,Male,M,Asian or Pacific Islander,A-PI,18.0
Lung and Bronchus,22030,2000,Male,M,Black or African American,2054-5,94.0
Lung and Bronchus,22030,2000,Male,M,White,2106-3,367.0
Lung and Bronchus,22030,2001,Female,F,Black or African American,2054-5,59.0
Lung and Bronchus,22030,2001,Female,F,White,2106-3,337.0
Lung and Bronchus,22030,2001,Male,M,Black or African American,2054-5,62.0
Lung and Bronchus,22030,2001,Male,M,White,2106-3,325.0
Lung and Bronchus,22030,2002,Female,F,Asian or Pacific Islander,A-PI,21.0
Lung and Bronchus,22030,2002,Female,F,Black or African American,2054-5,48.0
Lung and Bronchus,22030,2002,Female,F,White,2106-3,300.0
Lung and Bronchus,22030,2002,Male,M,Black or African American,2054-5,74.0
Lung and Bronchus,22030,2002,Male,M,White,2106-3,305.0
Lung and Bronchus,22030,2003,Female,F,Asian or Pacific Islander,A-PI,18.0
Lung and Bronchus,22030,2003,Female,F,Black or African American,2054-5,49.0
Lung and Bronchus,22030,2003,Female,F,White,2106-3,277.0
Lung and Bronchus,22030,2003,Male,M,Asian or Pacific Islander,A-PI,17.0
Lung and Bronchus,22030,2003,Male,M,Black or African American,2054-5,54.0
Lung and Bronchus,22030,2003,Male,M,White,2106-3,273.0
Lung and Bronchus,22030,2004,Female,F,Black or African American,2054-5,47.0
Lung and Bronchus,22030,2004,Female,F,White,2106-3,244.0
Lung and Bronchus,22030,2004,Male,M,Asian or Pacific Islander,A-PI,24.0
Lung and Bronchus,22030,2004,Male,M,Black or African American,2054-5,51.0
Lung and Bronchus,22030,2004,Male,M,White,2106-3,255.0
Lung and Bronchus,22030,2005,Female,F,Asian or Pacific Islander,A-PI,16.0
Lung and Bronchus,22030,2005,Female,F,Black or African American,2054-5,37.0
Lung and Bronchus,22030,2005,Female,F,White,2106-3,213.0
Lung and Bronchus,22030,2005,Male,M,Asian or Pacific Islander,A-PI,18.0
Lung and Bronchus,22030,2005,Male,M,Black or African American,2054-5,49.0
Lung and Bronchus,22030,2005,Male,M,White,2106-3,247.0
Lung and Bronchus,22030,2006,Female,F,Asian or Pacific Islander,A-PI,18.0
Lung and Bronchus,22030,2006,Female,F,Black or African American,2054-5,52.0
Lung and Bronchus,22030,2006,Female,F,White,2106-3,220.0
Lung and Bronchus,22030,2006,Male,M,Black or African American,2054-5,58.0
Lung and Bronchus,22030,2006,Male,M,White,2106-3,234.0
Lung and Bronchus,22030,2007,Female,F,Black or African American,2054-5,34.0
Lung and Bronchus,22030,2007,Female,F,White,2106-3,188.0
Lung and Bronchus,22030,2007,Male,M,Black or African American,2054-5,38.0
Lung and Bronchus,22030,2007,Male,M,White,2106-3,215.0
Lung and Bronchus,22030,2008,Female,F,Black or African American,2054-5,33.0
Lung and Bronchus,22030,2008,Female,F,White,2106-3,187.0
Lung and Bronchus,22030,2008,Male,M,Asian or Pacific Islander,A-PI,21.0
Lung and Bronchus,22030,2008,Male,M,Black or African American,2054-5,33.0
Lung and Bronchus,22030,2008,Male,M,White,2106-3,217.0
Lung and Bronchus,22030,2009,Female,F,Asian or Pacific Islander,A-PI,21.0
Lung and Bronchus,22030,2009,Female,F,Black or African American,2054-5,28.0
Lung and Bronchus,22030,2009,Female,F,White,2106-3,186.0
Lung and Bronchus,22030,2009,Male,M,Asian or Pacific Islander,A-PI,20.0
Lung and Bronchus,22030,2009,Male,M,Black or African American,2054-5,41.0
Lung and Bronchus,22030,2009,Male,M,White,2106-3,218.0
Lung and Bronchus,22030,2010,Female,F,Asian or Pacific Islander,A-PI,18.0
Lung and Bronchus,22030,2010,Female,F,Black or African American,2054-5,30.0
Lung and Bronchus,22030,2010,Female,F,White,2106-3,186.0
Lung and Bronchus,22030,2010,Male,M,Black or African American,2054-5,38.0
Lung and Bronchus,22030,2010,Male,M,White,2106-3,214.0
Lung and Bronchus,22030,2011,Female,F,Asian or Pacific Islander,A-PI,17.0
Lung and Bronchus,22030,2011,Female,F,Black or African American,2054-5,31.0
Lung and Bronchus,22030,2011,Female,F,White,2106-3,139.0
Lung and Bronchus,22030,2011,Male,M,Asian or Pacific Islander,A-PI,19.0
Lung and Bronchus,22030,2011,Male,M,Black or African American,2054-5,36.0
Lung and Bronchus,22030,2011,Male,M,White,2106-3,156.0
Lung and Bronchus,22030,2012,Female,F,Black or African American,2054-5,21.0
Lung and Bronchus,22030,2012,Female,F,White,2106-3,163.0
Lung and Bronchus,22030,2012,Male,M,Asian or Pacific Islander,A-PI,18.0
Lung and Bronchus,22030,2012,Male,M,Black or African American,2054-5,50.0
Lung and Bronchus,22030,2012,Male,M,White,2106-3,186.0
Lung and Bronchus,22030,2013,Female,F,Asian or Pacific Islander,A-PI,21.0
Lung and Bronchus,22030,2013,Female,F,Black or African American,2054-5,37.0
Lung and Bronchus,22030,2013,Female,F,White,2106-3,137.0
Lung and Bronchus,22030,2013,Male,M,Black or African American,2054-5,47.0
Lung and Bronchus,22030,2013,Male,M,White,2106-3,148.0
Lung and Bronchus,22030,2014,Female,F,Asian or Pacific Islander,A-PI,19.0
Lung and Bronchus,22030,2014,Female,F,Black or African American,2054-5,31.0
Lung and Bronchus,22030,2014,Female,F,White,2106-3,120.0
Lung and Bronchus,22030,2014,Male,M,Asian or Pacific Islander,A-PI,18.0
Lung and Bronchus,22030,2014,Male,M,Black or African American,2054-5,51.0
Lung and Bronchus,22030,2014,Male,M,White,2106-3,165.0
Lung and Bronchus,22030,2015,Female,F,Black or African American,2054-5,33.0
Lung and Bronchus,22030,2015,Female,F,White,2106-3,127.0
Lung and Bronchus,22030,2015,Male,M,Black or African American,2054-5,59.0
Lung and Bronchus,22030,2015,Male,M,White,2106-3,149.0
Lung and Bronchus,22030,2016,Female,F,Asian or Pacific Islander,A-PI,26.0
Lung and Bronchus,22030,2016,Female,F,Black or African American,2054-5,23.0
Lung and Bronchus,22030,2016,Female,F,White,2106-3,134.0
Lung and Bronchus,22030,2016,Male,M,Black or African American,2054-5,48.0
Lung and Bronchus,22030,2016,Male,M,White,2106-3,145.0
Lung and Bronchus,22030,2017,Female,F,Black or African American,2054-5,32.0
Lung and Bronchus,22030,2017,Female,F,White,2106-3,101.0
Lung and Bronchus,22030,2017,Male,M,Black or African American,2054-5,55.0
Lung and Bronchus,22030,2017,Male,M,White,2106-3,136.0
Lung and Bronchus,22030,2018,Female,F,Asian or Pacific Islander,A-PI,21.0
Lung and Bronchus,22030,2018,Female,F,Black or African American,2054-5,35.0
Lung and Bronchus,22030,2018,Female,F,White,2106-3,113.0
Lung and Bronchus,22030,2018,Male,M,Black or African American,2054-5,28.0
Lung and Bronchus,22030,2018,Male,M,White,2106-3,134.0
Lung and Bronchus,22030,2019,Female,F,Black or African American,2054-5,32.0
Lung and Bronchus,22030,2019,Female,F,White,2106-3,112.0
Lung and Bronchus,22030,2019,Male,M,Black or African American,2054-5,40.0
Lung and Bronchus,22030,2019,Male,M,White,2106-3,130.0
Lung and Bronchus,22030,2020,Female,F,Black or African American,2054-5,25.0
Lung and Bronchus,22030,2020,Female,F,White,2106-3,120.0
Lung and Bronchus,22030,2020,Male,M,Asian or Pacific Islander,A-PI,19.0
Lung and Bronchus,22030,2020,Male,M,Black or African American,2054-5,43.0
Lung and Bronchus,22030,2020,Male,M,White,2106-3,113.0
Lung and Bronchus,22030,2021,Female,F,Black or African American,2054-5,25.0
Lung and Bronchus,22030,2021,Female,F,White,2106-3,99.0
Lung and Bronchus,22030,2021,Male,M,Asian or Pacific Islander,A-PI,16.0
Lung and Bronchus,22030,2021,Male,M,Black or African American,2054-5,54.0
Lung and Bronchus,22030,2021,Male,M,White,2106-3,123.0
Melanoma of the Skin,25010,1999,Female,F,White,2106-3,183.0
Melanoma of the Skin,25010,1999,Male,M,White,2106-3,269.0
Melanoma of the Skin,25010,2000,Female,F,White,2106-3,202.0
Melanoma of the Skin,25010,2000,Male,M,White,2106-3,241.0
Melanoma of the Skin,25010,2001,Female,F,White,2106-3,180.0
Melanoma of the Skin,25010,2001,Male,M,White,2106-3,245.0
Melanoma of the Skin,25010,2002,Female,F,White,2106-3,184.0
Melanoma of the Skin,25010,2002,Male,M,White,2106-3,252.0
Melanoma of the Skin,25010,2003,Female,F,White,2106-3,151.0
Melanoma of the Skin,25010,2003,Male,M,White,2106-3,248.0
Melanoma of the Skin,25010,2004,Female,F,White,2106-3,172.0
Melanoma of the Skin,25010,2004,Male,M,White,2106-3,237.0
Melanoma of the Skin,25010,2005,Female,F,White,2106-3,175.0
Melanoma of the Skin,25010,2005,Male,M,White,2106-3,240.0
Melanoma of the Skin,25010,2006,Female,F,White,2106-3,154.0
Melanoma of the Skin,25010,2006,Male,M,White,2106-3,249.0
Melanoma of the Skin,25010,2007,Female,F,White,2106-3,154.0
Melanoma of the Skin,25010,2007,Male,M,White,2106-3,196.0
Melanoma of the Skin,25010,2008,Female,F,White,2106-3,140.0
Melanoma of the Skin,25010,2008,Male,M,White,2106-3,224.0
Melanoma of the Skin,25010,2009,Female,F,White,2106-3,178.0
Melanoma of the Skin,25010,2009,Male,M,White,2106-3,237.0
Melanoma of the Skin,25010,2010,Female,F,White,2106-3,153.0
Melanoma of the Skin,25010,2010,Male,M,White,2106-3,205.0
Melanoma of the Skin,25010,2011,Female,F,White,2106-3,139.0
Melanoma of the Skin,25010,2011,Male,M,White,2106-3,186.0
Melanoma of the Skin,25010,2012,Female,F,White,2106-3,138.0
Melanoma of the Skin,25010,2012,Male,M,White,2106-3,172.0
Melanoma of the Skin,25010,2013,Female,F,White,2106-3,151.0
Melanoma of the Skin,25010,2013,Male,M,White,2106-3,205.0
Melanoma of the Skin,25010,2014,Female,F,White,2106-3,126.0
Melanoma of the Skin,25010,2014,Male,M,White,2106-3,215.0
Melanoma of the Skin,25010,2015,Female,F,White,2106-3,116.0
Melanoma of the Skin,25010,2015,Male,M,White,2106-3,152.0
Melanoma of the Skin,25010,2016,Female,F,White,2106-3,111.0
Melanoma of the Skin,25010,2016,Male,M,White,2106-3,151.0
Melanoma of the Skin,25010,2017,Female,F,White,2106-3,105.0
Melanoma of the Skin,25010,2017,Male,M,White,2106-3,149.0
Melanoma of the Skin,25010,2018,Female,F,White,2106-3,111.0
Melanoma of the Skin,25010,2018,Male,M,White,2106-3,149.0
Melanoma of the Skin,25010,2019,Female,F,White,2106-3,102.0
Melanoma of the Skin,25010,2019,Male,M,White,2106-3,125.0
Melanoma of the Skin,25010,2020,Female,F,White,2106-3,102.0
Melanoma of the Skin,25010,2020,Male,M,White,2106-3,127.0
Melanoma of the Skin,25010,2021,Female,F,White,2106-3,90.0
Melanoma of the Skin,25010,2021,Male,M,White,2106-3,107.0
Myeloma,34000,1999,Male,M,White,2106-3,35.0
Myeloma,34000,2000,Male,M,White,2106-3,17.0
Myeloma,34000,2001,Male,M,White,2106-3,16.0
Myeloma,34000,2002,Male,M,White,2106-3,20.0
Myeloma,34000,2003,Male,M,White,2106-3,19.0
Myeloma,34000,2004,Male,M,White,2106-3,20.0
Myeloma,34000,2005,Male,M,White,2106-3,21.0
Myeloma,34000,2008,Male,M,White,2106-3,21.0
Myeloma,34000,2009,Male,M,White,2106-3,19.0
Myeloma,34000,2011,Male,M,White,2106-3,19.0
Non-Hodgkin Lymphoma,33041-33042,1999,Female,F,Black or African American,2054-5,52.0
Non-Hodgkin Lymphoma,33041-33042,1999,Female,F,White,2106-3,199.0
Non-Hodgkin Lymphoma,33041-33042,1999,Male,M,Black or African American,2054-5,87.0
Non-Hodgkin Lymphoma,33041-33042,1999,Male,M,White,2106-3,342.0
Non-Hodgkin Lymphoma,33041-33042,2000,Female,F,Black or African American,2054-5,55.0
Non-Hodgkin Lymphoma,33041-33042,2000,Female,F,White,2106-3,190.0
Non-Hodgkin Lymphoma,33041-33042,2000,Male,M,Asian or Pacific Islander,A-PI,17.0
Non-Hodgkin Lymphoma,33041-33042,2000,Male,M,Black or African American,2054-5,84.0
Non-Hodgkin Lymphoma,33041-33042,2000,Male,M,White,2106-3,339.0
Non-Hodgkin Lymphoma,33041-33042,2001,Female,F,Black or African American,2054-5,52.0
Non-Hodgkin Lymphoma,33041-33042,2001,Female,F,White,2106-3,194.0
Non-Hodgkin Lymphoma,33041-33042,2001,Male,M,Black or African American,2054-5,86.0
Non-Hodgkin Lymphoma,33041-33042,2001,Male,M,White,2106-3,326.0
Non-Hodgkin Lymphoma,33041-33042,2002,Female,F,Asian or Pacific Islander,A-PI,16.0
Non-Hodgkin Lymphoma,33041-33042,2002,Female,F,Black or African American,2054-5,44.0
Non-Hodgkin Lymphoma,33041-33042,2002,Female,F,White,2106-3,169.0
Non-Hodgkin Lymphoma,33041-33042,2002,Male,M,Asian or Pacific Islander,A-PI,16.0
Non-Hodgkin Lymphoma,33041-33042,2002,Male,M,Black or African American,2054-5,73.0
Non-Hodgkin Lymphoma,33041-33042,2002,Male,M,White,2106-3,306.0
Non-Hodgkin Lymphoma,33041-33042,2003,Female,F,Black or African American,2054-5,48.0
Non-Hodgkin Lymphoma,33041-33042,2003,Female,F,White,2106-3,143.0
Non-Hodgkin Lymphoma,33041-33042,2003,Male,M,Asian or Pacific Islander,A-PI,16.0
Non-Hodgkin Lymphoma,33041-33042,2003,Male,M,Black or African American,2054-5,64.0
Non-Hodgkin Lymphoma,33041-33042,2003,Male,M,White,2106-3,290.0
Non-Hodgkin Lymphoma,33041-33042,2004,Female,F,Black or African American,2054-5,45.0
Non-Hodgkin Lymphoma,33041-33042,2004,Female,F,White,2106-3,139.0
Non-Hodgkin Lymphoma,33041-33042,2004,Male,M,Black or African American,2054-5,69.0
Non-Hodgkin Lymphoma,33041-33042,2004,Male,M,White,2106-3,269.0
Non-Hodgkin Lymphoma,33041-33042,2005,Female,F,Black or African American,2054-5,53.0
Non-Hodgkin Lymphoma,33041-33042,2005,Female,F,White,2106-3,128.0
Non-Hodgkin Lymphoma,33041-33042,2005,Male,M,Black or African American,2054-5,68.0
Non-Hodgkin Lymphoma,33041-33042,2005,Male,M,White,2106-3,219.0
Non-Hodgkin Lymphoma,33041-33042,2006,Female,F,Black or African American,2054-5,51.0
Non-Hodgkin Lymphoma,33041-33042,2006,Female,F,White,2106-3,127.0
Non-Hodgkin Lymphoma,33041-33042,2006,Male,M,Asian or Pacific Islander,A-PI,16.0
Non-Hodgkin Lymphoma,33041-33042,2006,Male,M,Black or African American,2054-5,63.0
Non-Hodgkin Lymphoma,33041-33042,2006,Male,M,White,2106-3,218.0
Non-Hodgkin Lymphoma,33041-33042,2007,Female,F,Black or African American,2054-5,37.0
Non-Hodgkin Lymphoma,33041-33042,2007,Female,F,White,2106-3,135.0
Non-Hodgkin Lymphoma,33041-33042,2007,Male,M,Black or African American,2054-5,56.0
Non-Hodgkin Lymphoma,33041-33042,2007,Male,M,White,2106-3,232.0
Non-Hodgkin Lymphoma,33041-33042,2008,Female,F,Black or African American,2054-5,30.0
Non-Hodgkin Lymphoma,33041-33042,2008,Female,F,White,2106-3,113.0
Non-Hodgkin Lymphoma,33041-33042,2008,Male,M,Black or African American,2054-5,61.0
Non-Hodgkin Lymphoma,33041-33042,2008,Male,M,White,2106-3,248.0
Non-Hodgkin Lymphoma,33041-33042,2009,Female,F,Black or African American,2054-5,44.0
Non-Hodgkin Lymphoma,33041-33042,2009,Female,F,White,2106-3,127.0
Non-Hodgkin Lymphoma,33041-33042,2009,Male,M,Black or African American,2054-5,64.0
Non-Hodgkin Lymphoma,33041-33042,2009,Male,M,White,2106-3,226.0
Non-Hodgkin Lymphoma,33041-33042,2010,Female,F,Black or African American,2054-5,33.0
Non-Hodgkin Lymphoma,33041-33042,2010,Female,F,White,2106-3,99.0
Non-Hodgkin Lymphoma,33041-33042,2010,Male,M,Black or African American,2054-5,68.0
Non-Hodgkin Lymphoma,33041-33042,2010,Male,M,White,2106-3,193.0
Non-Hodgkin Lymphoma,33041-33042,2011,Female,F,Black or African American,2054-5,34.0
Non-Hodgkin Lymphoma,33041-33042,2011,Female,F,White,2106-3,101.0
Non-Hodgkin Lymphoma,33041-33042,2011,Male,M,Black or African American,2054-5,64.0
Non-Hodgkin Lymphoma,33041-33042,2011,Male,M,White,2106-3,200.0
Non-Hodgkin Lymphoma,33041-33042,2012,Female,F,Black or African American,2054-5,37.0
Non-Hodgkin Lymphoma,33041-33042,2012,Female,F,White,2106-3,110.0
Non-Hodgkin Lymphoma,33041-33042,2012,Male,M,Black or African American,2054-5,51.0
Non-Hodgkin Lymphoma,33041-33042,2012,Male,M,White,2106-3,190.0
Non-Hodgkin Lymphoma,33041-33042,2013,Female,F,Black or African American,2054-5,39.0
Non-Hodgkin Lymphoma,33041-33042,2013,Female,F,White,2106-3,110.0
Non-Hodgkin Lymphoma,33041-33042,2013,Male,M,Black or African American,2054-5,62.0
Non-Hodgkin Lymphoma,33041-33042,2013,Male,M,White,2106-3,170.0
Non-Hodgkin Lymphoma,33041-33042,2014,Female,F,Black or African American,2054-5,34.0
Non-Hodgkin Lymphoma,33041-33042,2014,Female,F,White,2106-3,90.0
Non-Hodgkin Lymphoma,33041-33042,2014,Male,M,Black or African American,2054-5,58.0
Non-Hodgkin Lymphoma,33041-33042,2014,Male,M,White,2106-3,175.0
Non-Hodgkin Lymphoma,33041-33042,2015,Female,F,Black or African American,2054-5,34.0
Non-Hodgkin Lymphoma,33041-33042,2015,Female,F,White,2106-3,93.0
Non-Hodgkin Lymphoma,33041-33042,2015,Male,M,Black or African American,2054-5,56.0
Non-Hodgkin Lymphoma,33041-33042,2015,Male,M,White,2106-3,167.0
Non-Hodgkin Lymphoma,33041-33042,2016,Female,F,Black or African American,2054-5,30.0
Non-Hodgkin Lymphoma,33041-33042,2016,Female,F,White,2106-3,69.0
Non-Hodgkin Lymphoma,33041-33042,2016,Male,M,Black or African American,2054-5,54.0
Non-Hodgkin Lymphoma,33041-33042,2016,Male,M,White,2106-3,164.0
Non-Hodgkin Lymphoma,33041-33042,2017,Female,F,Black or African American,2054-5,27.0
Non-Hodgkin Lymphoma,33041-33042,2017,Female,F,White,2106-3,80.0
Non-Hodgkin Lymphoma,33041-33042,2017,Male,M,Black or African American,2054-5,55.0
Non-Hodgkin Lymphoma,33041-33042,2017,Male,M,White,2106-3,167.0
Non-Hodgkin Lymphoma,33041-33042,2018,Female,F,Black or African American,2054-5,37.0
Non-Hodgkin Lymphoma,33041-33042,2018,Female,F,White,2106-3,79.0
Non-Hodgkin Lymphoma,33041-33042,2018,Male,M,Black or African American,2054-5,50.0
Non-Hodgkin Lymphoma,33041-33042,2018,Male,M,White,2106-3,155.0
Non-Hodgkin Lymphoma,33041-33042,2019,Female,F,Black or African American,2054-5,33.0
Non-Hodgkin Lymphoma,33041-33042,2019,Female,F,White,2106-3,77.0
Non-Hodgkin Lymphoma,33041-33042,2019,Male,M,Black or African American,2054-5,47.0
Non-Hodgkin Lymphoma,33041-33042,2019,Male,M,White,2106-3,156.0
Non-Hodgkin Lymphoma,33041-33042,2020,Female,F,Black or African American,2054-5,27.0
Non-Hodgkin Lymphoma,33041-33042,2020,Female,F,White,2106-3,79.0
Non-Hodgkin Lymphoma,33041-33042,2020,Male,M,Black or African American,2054-5,45.0
Non-Hodgkin Lymphoma,33041-33042,2020,Male,M,White,2106-3,143.0
Non-Hodgkin Lymphoma,33041-33042,2021,Female,F,Black or African American,2054-5,33.0
Non-Hodgkin Lymphoma,33041-33042,2021,Female,F,White,2106-3,64.0
Non-Hodgkin Lymphoma,33041-33042,2021,Male,M,Black or African American,2054-5,55.0
Non-Hodgkin Lymphoma,33041-33042,2021,Male,M,White,2106-3,131.0
Oral Cavity and Pharynx,20010-20100,1999,Female,F,White,2106-3,42.0
Oral Cavity and Pharynx,20010-20100,1999,Male,M,Black or African American,2054-5,26.0
Oral Cavity and Pharynx,20010-20100,1999,Male,M,White,2106-3,57.0
Oral Cavity and Pharynx,20010-20100,2000,Female,F,White,2106-3,45.0
Oral Cavity and Pharynx,20010-20100,2000,Male,M,Black or African American,2054-5,17.0
Oral Cavity and Pharynx,20010-20100,2000,Male,M,White,2106-3,62.0
Oral Cavity and Pharynx,20010-20100,2001,Female,F,White,2106-3,40.0
Oral Cavity and Pharynx,20010-20100,2001,Male,M,Asian or Pacific Islander,A-PI,16.0
Oral Cavity and Pharynx,20010-20100,2001,Male,M,Black or African American,2054-5,20.0
Oral Cavity and Pharynx,20010-20100,2001,Male,M,White,2106-3,66.0
Oral Cavity and Pharynx,20010-20100,2002,Female,F,Black or African American,2054-5,17.0
Oral Cavity and Pharynx,20010-20100,2002,Female,F,White,2106-3,32.0
Oral Cavity and Pharynx,20010-20100,2002,Male,M,Black or African American,2054-5,18.0
Oral Cavity and Pharynx,20010-20100,2002,Male,M,White,2106-3,66.0
Oral Cavity and Pharynx,20010-20100,2003,Female,F,White,2106-3,36.0
Oral Cavity and Pharynx,20010-20100,2003,Male,M,Black or African American,2054-5,19.0
Oral Cavity and Pharynx,20010-20100,2003,Male,M,White,2106-3,66.0
Oral Cavity and Pharynx,20010-20100,2004,Female,F,White,2106-3,20.0
Oral Cavity and Pharynx,20010-20100,2004,Male,M,Black or African American,2054-5,24.0
Oral Cavity and Pharynx,20010-20100,2004,Male,M,White,2106-3,50.0
Oral Cavity and Pharynx,20010-20100,2005,Female,F,White,2106-3,29.0
Oral Cavity and Pharynx,20010-20100,2005,Male,M,Black or African American,2054-5,23.0
Oral Cavity and Pharynx,20010-20100,2005,Male,M,White,2106-3,57.0
Oral Cavity and Pharynx,20010-20100,2006,Female,F,White,2106-3,32.0
Oral Cavity and Pharynx,20010-20100,2006,Male,M,Black or African American,2054-5,19.0
Oral Cavity and Pharynx,20010-20100,2006,Male,M,White,2106-3,61.0
Oral Cavity and Pharynx,20010-20100,2007,Female,F,White,2106-3,36.0
Oral Cavity and Pharynx,20010-20100,2007,Male,M,Black or African American,2054-5,20.0
Oral Cavity and Pharynx,20010-20100,2007,Male,M,White,2106-3,47.0
Oral Cavity and Pharynx,20010-20100,2008,Female,F,White,2106-3,30.0
Oral Cavity and Pharynx,20010-20100,2008,Male,M,Asian or Pacific Islander,A-PI,19.0
Oral Cavity and Pharynx,20010-20100,2008,Male,M,White,2106-3,59.0
Oral Cavity and Pharynx,20010-20100,2009,Female,F,White,2106-3,29.0
Oral Cavity and Pharynx,20010-20100,2009,Male,M,Black or African American,2054-5,20.0
Oral Cavity and Pharynx,20010-20100,2009,Male,M,White,2106-3,52.0
Oral Cavity and Pharynx,20010-20100,2010,Female,F,White,2106-3,35.0
Oral Cavity and Pharynx,20010-20100,2010,Male,M,Black or African American,2054-5,18.0
Oral Cavity and Pharynx,20010-20100,2010,Male,M,White,2106-3,58.0
Oral Cavity and Pharynx,20010-20100,2011,Female,F,White,2106-3,40.0
Oral Cavity and Pharynx,20010-20100,2011,Male,M,Black or African American,2054-5,18.0
Oral Cavity and Pharynx,20010-20100,2011,Male,M,White,2106-3,50.0
Oral Cavity and Pharynx,20010-20100,2012,Female,F,White,2106-3,24.0
Oral Cavity and Pharynx,20010-20100,2012,Male,M,White,2106-3,67.0
Oral Cavity and Pharynx,20010-20100,2013,Female,F,White,2106-3,23.0
Oral Cavity and Pharynx,20010-20100,2013,Male,M,Black or African American,2054-5,20.0
Oral Cavity and Pharynx,20010-20100,2013,Male,M,White,2106-3,58.0
Oral Cavity and Pharynx,20010-20100,2014,Female,F,White,2106-3,36.0
Oral Cavity and Pharynx,20010-20100,2014,Male,M,White,2106-3,68.0
Oral Cavity and Pharynx,20010-20100,2015,Female,F,White,2106-3,31.0
Oral Cavity and Pharynx,20010-20100,2015,Male,M,White,2106-3,74.0
Oral Cavity and Pharynx,20010-20100,2016,Female,F,White,2106-3,32.0
Oral Cavity and Pharynx,20010-20100,2016,Male,M,White,2106-3,57.0
Oral Cavity and Pharynx,20010-20100,2017,Female,F,White,2106-3,27.0
Oral Cavity and Pharynx,20010-20100,2017,Male,M,White,2106-3,64.0
Oral Cavity and Pharynx,20010-20100,2018,Female,F,White,2106-3,36.0
Oral Cavity and Pharynx,20010-20100,2018,Male,M,Asian or Pacific Islander,A-PI,18.0
Oral Cavity and Pharynx,20010-20100,2018,Male,M,White,2106-3,69.0
Oral Cavity and Pharynx,20010-20100,2019,Female,F,White,2106-3,32.0
Oral Cavity and Pharynx,20010-20100,2019,Male,M,White,2106-3,64.0
Oral Cavity and Pharynx,20010-20100,2020,Female,F,White,2106-3,37.0
Oral Cavity and Pharynx,20010-20100,2020,Male,M,Black or African American,2054-5,19.0
Oral Cavity and Pharynx,20010-20100,2020,Male,M,White,2106-3,50.0
Oral Cavity and Pharynx,20010-20100,2021,Female,F,White,2106-3,32.0
Oral Cavity and Pharynx,20010-20100,2021,Male,M,Asian or Pacific Islander,A-PI,17.0
Oral Cavity and Pharynx,20010-20100,2021,Male,M,White,2106-3,61.0
Ovary,27040,1999,Female,F,Asian or Pacific Islander,A-PI,18.0
Ovary,27040,1999,Female,F,Black or African American,2054-5,32.0
Ovary,27040,1999,Female,F,White,2106-3,207.0
Ovary,27040,2000,Female,F,Black or African American,2054-5,31.0
Ovary,27040,2000,Female,F,White,2106-3,216.0
Ovary,27040,2001,Female,F,Black or African American,2054-5,43.0
Ovary,27040,2001,Female,F,White,2106-3,212.0
Ovary,27040,2002,Female,F,Black or African American,2054-5,41.0
Ovary,27040,2002,Female,F,White,2106-3,220.0
Ovary,27040,2003,Female,F,Black or African American,2054-5,39.0
Ovary,27040,2003,Female,F,White,2106-3,185.0
Ovary,27040,2004,Female,F,Black or African American,2054-5,44.0
Ovary,27040,2004,Female,F,White,2106-3,186.0
Ovary,27040,2005,Female,F,Black or African American,2054-5,27.0
Ovary,27040,2005,Female,F,White,2106-3,168.0
Ovary,27040,2006,Female,F,Black or African American,2054-5,19.0
Ovary,27040,2006,Female,F,White,2106-3,183.0
Ovary,27040,2007,Female,F,Black or African American,2054-5,29.0
Ovary,27040,2007,Female,F,White,2106-3,165.0
Ovary,27040,2008,Female,F,Black or African American,2054-5,37.0
Ovary,27040,2008,Female,F,White,2106-3,172.0
Ovary,27040,2009,Female,F,Black or African American,2054-5,47.0
Ovary,27040,2009,Female,F,White,2106-3,154.0
Ovary,27040,2010,Female,F,Black or African American,2054-5,37.0
Ovary,27040,2010,Female,F,White,2106-3,160.0
Ovary,27040,2011,Female,F,Black or African American,2054-5,27.0
Ovary,27040,2011,Female,F,White,2106-3,170.0
Ovary,27040,2012,Female,F,Black or African American,2054-5,22.0
Ovary,27040,2012,Female,F,White,2106-3,161.0
Ovary,27040,2013,Female,F,Black or African American,2054-5,20.0
Ovary,27040,2013,Female,F,White,2106-3,160.0
Ovary,27040,2014,Female,F,Asian or Pacific Islander,A-PI,23.0
Ovary,27040,2014,Female,F,Black or African American,2054-5,27.0
Ovary,27040,2014,Female,F,White,2106-3,170.0
Ovary,27040,2015,Female,F,Black or African American,2054-5,28.0
Ovary,27040,2015,Female,F,White,2106-3,167.0
Ovary,27040,2016,Female,F,Asian or Pacific Islander,A-PI,18.0
Ovary,27040,2016,Female,F,Black or African American,2054-5,26.0
Ovary,27040,2016,Female,F,White,2106-3,177.0
Ovary,27040,2017,Female,F,Asian or Pacific Islander,A-PI,20.0
Ovary,27040,2017,Female,F,Black or African American,2054-5,28.0
Ovary,27040,2017,Female,F,White,2106-3,151.0
Ovary,27040,2018,Female,F,Asian or Pacific Islander,A-PI,16.0
Ovary,27040,2018,Female,F,Black or African American,2054-5,26.0
Ovary,27040,2018,Female,F,White,2106-3,165.0
Ovary,27040,2019,Female,F,Asian or Pacific Islander,A-PI,17.0
Ovary,27040,2019,Female,F,Black or African American,2054-5,30.0
Ovary,27040,2019,Female,F,White,2106-3,149.0
Ovary,27040,2020,Female,F,Black or African American,2054-5,31.0
Ovary,27040,2020,Female,F,White,2106-3,159.0
Ovary,27040,2021,Female,F,Asian or Pacific Islander,A-PI,19.0
Ovary,27040,2021,Female,F,Black or African American,2054-5,30.0
Ovary,27040,2021,Female,F,White,2106-3,171.0
Pancreas,21100,1999,Female,F,Black or African American,2054-5,21.0
Pancreas,21100,1999,Female,F,White,2106-3,68.0
Pancreas,21100,1999,Male,M,Black or African American,2054-5,27.0
Pancreas,21100,1999,Male,M,White,2106-3,111.0
Pancreas,21100,2000,Female,F,White,2106-3,60.0
Pancreas,21100,2000,Male,M,Black or African American,2054-5,20.0
Pancreas,21100,2000,Male,M,White,2106-3,98.0
Pancreas,21100,2001,Female,F,Black or African American,2054-5,16.0
Pancreas,21100,2001,Female,F,White,2106-3,74.0
Pancreas,21100,2001,Male,M,Black or African American,2054-5,20.0
Pancreas,21100,2001,Male,M,White,2106-3,103.0
Pancreas,21100,2002,Female,F,White,2106-3,65.0
Pancreas,21100,2002,Male,M,Black or African American,2054-5,24.0
Pancreas,21100,2002,Male,M,White,2106-3,87.0
Pancreas,21100,2003,Female,F,White,2106-3,69.0
Pancreas,21100,2003,Male,M,Black or African American,2054-5,27.0
Pancreas,21100,2003,Male,M,White,2106-3,107.0
Pancreas,21100,2004,Female,F,White,2106-3,54.0
Pancreas,21100,2004,Male,M,Black or African American,2054-5,19.0
Pancreas,21100,2004,Male,M,White,2106-3,95.0
Pancreas,21100,2005,Female,F,White,2106-3,60.0
Pancreas,21100,2005,Male,M,Black or African American,2054-5,22.0
Pancreas,21100,2005,Male,M,White,2106-3,91.0
Pancreas,21100,2006,Female,F,White,2106-3,49.0
Pancreas,21100,2006,Male,M,Black or African American,2054-5,17.0
Pancreas,21100,2006,Male,M,White,2106-3,88.0
Pancreas,21100,2007,Female,F,White,2106-3,50.0
Pancreas,21100,2007,Male,M,Black or African American,2054-5,24.0
Pancreas,21100,2007,Male,M,White,2106-3,90.0
Pancreas,21100,2008,Female,F,White,2106-3,71.0
Pancreas,21100,2008,Male,M,Black or African American,2054-5,19.0
Pancreas,21100,2008,Male,M,White,2106-3,71.0
Pancreas,21100,2009,Female,F,White,2106-3,60.0
Pancreas,21100,2009,Male,M,Black or African American,2054-5,22.0
Pancreas,21100,2009,Male,M,White,2106-3,90.0
Pancreas,21100,2010,Female,F,White,2106-3,64.0
Pancreas,21100,2010,Male,M,White,2106-3,93.0
Pancreas,21100,2011,Female,F,White,2106-3,42.0
Pancreas,21100,2011,Male,M,White,2106-3,77.0
Pancreas,21100,2012,Female,F,Black or African American,2054-5,16.0
Pancreas,21100,2012,Female,F,White,2106-3,46.0
Pancreas,21100,2012,Male,M,White,2106-3,71.0
Pancreas,21100,2013,Female,F,White,2106-3,59.0
Pancreas,21100,2013,Male,M,Black or African American,2054-5,22.0
Pancreas,21100,2013,Male,M,White,2106-3,90.0
Pancreas,21100,2014,Female,F,White,2106-3,52.0
Pancreas,21100,2014,Male,M,Black or African American,2054-5,20.0
Pancreas,21100,2014,Male,M,White,2106-3,82.0
Pancreas,21100,2015,Female,F,White,2106-3,56.0
Pancreas,21100,2015,Male,M,Black or African American,2054-5,18.0
Pancreas,21100,2015,Male,M,White,2106-3,108.0
Pancreas,21100,2016,Female,F,Black or African American,2054-5,23.0
Pancreas,21100,2016,Female,F,White,2106-3,54.0
Pancreas,21100,2016,Male,M,Black or African American,2054-5,17.0
Pancreas,21100,2016,Male,M,White,2106-3,99.0
Pancreas,21100,2017,Female,F,White,2106-3,48.0
Pancreas,21100,2017,Male,M,Black or African American,2054-5,24.0
Pancreas,21100,2017,Male,M,White,2106-3,107.0
Pancreas,21100,2018,Female,F,White,2106-3,64.0
Pancreas,21100,2018,Male,M,Black or African American,2054-5,20.0
Pancreas,21100,2018,Male,M,White,2106-3,93.0
Pancreas,21100,2019,Female,F,Black or African American,2054-5,18.0
Pancreas,21100,2019,Female,F,White,2106-3,46.0
Pancreas,21100,2019,Male,M,Black or African American,2054-5,17.0
Pancreas,21100,2019,Male,M,White,2106-3,105.0
Pancreas,21100,2020,Female,F,White,2106-3,57.0
Pancreas,21100,2020,Male,M,Black or African American,2054-5,16.0
Pancreas,21100,2020,Male,M,White,2106-3,88.0
Pancreas,21100,2021,Female,F,White,2106-3,63.0
Pancreas,21100,2021,Male,M,Black or African American,2054-5,27.0
Pancreas,21100,2021,Male,M,White,2106-3,80.0
Stomach,21020,1999,Female,F,Asian or Pacific Islander,A-PI,19.0
Stomach,21020,1999,Female,F,Black or African American,2054-5,38.0
Stomach,21020,1999,Female,F,White,2106-3,94.0
Stomach,21020,1999,Male,M,Black or African American,2054-5,40.0
Stomach,21020,1999,Male,M,White,2106-3,128.0
Stomach,21020,2000,Female,F,Black or African American,2054-5,28.0
Stomach,21020,2000,Female,F,White,2106-3,84.0
Stomach,21020,2000,Male,M,Black or African American,2054-5,48.0
Stomach,21020,2000,Male,M,White,2106-3,114.0
Stomach,21020,2001,Female,F,Asian or Pacific Islander,A-PI,16.0
Stomach,21020,2001,Female,F,Black or African American,2054-5,38.0
Stomach,21020,2001,Female,F,White,2106-3,87.0
Stomach,21020,2001,Male,M,Black or African American,2054-5,40.0
Stomach,21020,2001,Male,M,White,2106-3,117.0
Stomach,21020,2002,Female,F,Asian or Pacific Islander,A-PI,16.0
Stomach,21020,2002,Female,F,Black or African American,2054-5,27.0
Stomach,21020,2002,Female,F,White,2106-3,107.0
Stomach,21020,2002,Male,M,Black or African American,2054-5,39.0
Stomach,21020,2002,Male,M,White,2106-3,122.0
Stomach,21020,2003,Female,F,Asian or Pacific Islander,A-PI,20.0
Stomach,21020,2003,Female,F,Black or African American,2054-5,37.0
Stomach,21020,2003,Female,F,White,2106-3,100.0
Stomach,21020,2003,Male,M,Black or African American,2054-5,20.0
Stomach,21020,2003,Male,M,White,2106-3,121.0
Stomach,21020,2004,Female,F,Black or African American,2054-5,25.0
Stomach,21020,2004,Female,F,White,2106-3,89.0
Stomach,21020,2004,Male,M,Black or African American,2054-5,21.0
Stomach,21020,2004,Male,M,White,2106-3,114.0
Stomach,21020,2005,Female,F,Asian or Pacific Islander,A-PI,22.0
Stomach,21020,2005,Female,F,Black or African American,2054-5,24.0
Stomach,21020,2005,Female,F,White,2106-3,74.0
Stomach,21020,2005,Male,M,Asian or Pacific Islander,A-PI,20.0
Stomach,21020,2005,Male,M,Black or African American,2054-5,37.0
Stomach,21020,2005,Male,M,White,2106-3,96.0
Stomach,21020,2006,Female,F,Asian or Pacific Islander,A-PI,23.0
Stomach,21020,2006,Female,F,Black or African American,2054-5,29.0
Stomach,21020,2006,Female,F,White,2106-3,112.0
Stomach,21020,2006,Male,M,Black or African American,2054-5,26.0
Stomach,21020,2006,Male,M,White,2106-3,104.0
Stomach,21020,2007,Female,F,Asian or Pacific Islander,A-PI,20.0
Stomach,21020,2007,Female,F,Black or African American,2054-5,26.0
Stomach,21020,2007,Female,F,White,2106-3,118.0
Stomach,21020,2007,Male,M,Black or African American,2054-5,20.0
Stomach,21020,2007,Male,M,White,2106-3,119.0
Stomach,21020,2008,Female,F,Black or African American,2054-5,31.0
Stomach,21020,2008,Female,F,White,2106-3,83.0
Stomach,21020,2008,Male,M,Black or African American,2054-5,38.0
Stomach,21020,2008,Male,M,White,2106-3,113.0
Stomach,21020,2009,Female,F,Black or African American,2054-5,33.0
Stomach,21020,2009,Female,F,White,2106-3,99.0
Stomach,21020,2009,Male,M,Black or African American,2054-5,30.0
Stomach,21020,2009,Male,M,White,2106-3,118.0
Stomach,21020,2010,Female,F,Black or African American,2054-5,30.0
Stomach,21020,2010,Female,F,White,2106-3,104.0
Stomach,21020,2010,Male,M,Black or African American,2054-5,31.0
Stomach,21020,2010,Male,M,White,2106-3,115.0
Stomach,21020,2011,Female,F,Asian or Pacific Islander,A-PI,17.0
Stomach,21020,2011,Female,F,Black or African American,2054-5,29.0
Stomach,21020,2011,Female,F,White,2106-3,94.0
Stomach,21020,2011,Male,M,Black or African American,2054-5,29.0
Stomach,21020,2011,Male,M,White,2106-3,117.0
Stomach,21020,2012,Female,F,Asian or Pacific Islander,A-PI,17.0
Stomach,21020,2012,Female,F,Black or African American,2054-5,31.0
Stomach,21020,2012,Female,F,White,2106-3,85.0
Stomach,21020,2012,Male,M,Black or African American,2054-5,29.0
Stomach,21020,2012,Male,M,White,2106-3,113.0
Stomach,21020,2013,Female,F,Asian or Pacific Islander,A-PI,22.0
Stomach,21020,2013,Female,F,Black or African American,2054-5,17.0
Stomach,21020,2013,Female,F,White,2106-3,110.0
Stomach,21020,2013,Male,M,Black or African American,2054-5,30.0
Stomach,21020,2013,Male,M,White,2106-3,108.0
Stomach,21020,2014,Female,F,Black or African American,2054-5,26.0
Stomach,21020,2014,Female,F,White,2106-3,88.0
Stomach,21020,2014,Male,M,Black or African American,2054-5,25.0
Stomach,21020,2014,Male,M,White,2106-3,121.0
Stomach,21020,2015,Female,F,Black or African American,2054-5,28.0
Stomach,21020,2015,Female,F,White,2106-3,107.0
Stomach,21020,2015,Male,M,Black or African American,2054-5,27.0
Stomach,21020,2015,Male,M,White,2106-3,111.0
Stomach,21020,2016,Female,F,Asian or Pacific Islander,A-PI,25.0
Stomach,21020,2016,Female,F,Black or African American,2054-5,26.0
Stomach,21020,2016,Female,F,White,2106-3,108.0
Stomach,21020,2016,Male,M,Black or African American,2054-5,29.0
Stomach,21020,2016,Male,M,White,2106-3,126.0
Stomach,21020,2017,Female,F,Asian or Pacific Islander,A-PI,29.0
Stomach,21020,2017,Female,F,Black or African American,2054-5,24.0
Stomach,21020,2017,Female,F,White,2106-3,99.0
Stomach,21020,2017,Male,M,Asian or Pacific Islander,A-PI,17.0
Stomach,21020,2017,Male,M,Black or African American,2054-5,34.0
Stomach,21020,2017,Male,M,White,2106-3,117.0
Stomach,21020,2018,Female,F,Black or African American,2054-5,25.0
Stomach,21020,2018,Female,F,White,2106-3,101.0
Stomach,21020,2018,Male,M,Black or African American,2054-5,25.0
Stomach,21020,2018,Male,M,White,2106-3,130.0
Stomach,21020,2019,Female,F,Black or African American,2054-5,29.0
Stomach,21020,2019,Female,F,White,2106-3,113.0
Stomach,21020,2019,Male,M,Asian or Pacific Islander,A-PI,19.0
Stomach,21020,2019,Male,M,Black or African American,2054-5,28.0
Stomach,21020,2019,Male,M,White,2106-3,115.0
Stomach,21020,2020,Female,F,Black or African American,2054-5,24.0
Stomach,21020,2020,Female,F,White,2106-3,86.0
Stomach,21020,2020,Male,M,Black or African American,2054-5,25.0
Stomach,21020,2020,Male,M,White,2106-3,126.0
Stomach,21020,2021,Female,F,Asian or Pacific Islander,A-PI,25.0
Stomach,21020,2021,Female,F,Black or African American,2054-5,27.0
Stomach,21020,2021,Female,F,White,2106-3,100.0
Stomach,21020,2021,Male,M,Asian or Pacific Islander,A-PI,20.0
Stomach,21020,2021,Male,M,Black or African American,2054-5,23.0
Stomach,21020,2021,Male,M,White,2106-3,116.0
Urinary Bladder,29010,1999,Male,M,White,2106-3,18.0
Urinary Bladder,29010,2000,Female,F,White,2106-3,23.0
Urinary Bladder,29010,2000,Male,M,White,2106-3,23.0
Urinary Bladder,29010,2001,Female,F,White,2106-3,23.0
Urinary Bladder,29010,2001,Male,M,White,2106-3,23.0
Urinary Bladder,29010,2002,Male,M,White,2106-3,25.0
Urinary Bladder,29010,2003,Male,M,White,2106-3,16.0
Urinary Bladder,29010,2004,Female,F,White,2106-3,17.0
Urinary Bladder,29010,2004,Male,M,White,2106-3,16.0
Urinary Bladder,29010,2005,Female,F,White,2106-3,16.0
Urinary Bladder,29010,2005,Male,M,White,2106-3,31.0
Urinary Bladder,29010,2006,Female,F,White,2106-3,18.0
Urinary Bladder,29010,2006,Male,M,White,2106-3,22.0
Urinary Bladder,29010,2007,Male,M,White,2106-3,18.0
Urinary Bladder,29010,2008,Male,M,White,2106-3,27.0
Urinary Bladder,29010,2009,Male,M,White,2106-3,19.0
Urinary Bladder,29010,2010,Male,M,White,2106-3,18.0
Urinary Bladder,29010,2011,Male,M,White,2106-3,16.0
Urinary Bladder,29010,2012,Male,M,White,2106-3,18.0
Urinary Bladder,29010,2015,Male,M,White,2106-3,21.0
Urinary Bladder,29010,2016,Male,M,White,2106-3,20.0
Urinary Bladder,29010,2018,Male,M,White,2106-3,16.0
Urinary Bladder,29010,2020,Male,M,White,2106-3,17.0
