Leading Cancer Sites,Leading Cancer Sites Code,Year,Race,Race Code,Deaths
Brain and Other Nervous System,31010-31040,1999,Black or African American,2054-5,76.0
Brain and Other Nervous System,31010-31040,1999,White,2106-3,896.0
Brain and Other Nervous System,31010-31040,2000,Asian or Pacific Islander,A-PI,19.0
Brain and Other Nervous System,31010-31040,2000,Black or African American,2054-5,89.0
Brain and Other Nervous System,31010-31040,2000,White,2106-3,864.0
Brain and Other Nervous System,31010-31040,2001,Asian or Pacific Islander,A-PI,22.0
Brain and Other Nervous System,31010-31040,2001,Black or African American,2054-5,63.0
Brain and Other Nervous System,31010-31040,2001,White,2106-3,843.0
Brain and Other Nervous System,31010-31040,2002,Asian or Pacific Islander,A-PI,21.0
Brain and Other Nervous System,31010-31040,2002,Black or African American,2054-5,75.0
Brain and Other Nervous System,31010-31040,2002,White,2106-3,765.0
Brain and Other Nervous System,31010-31040,2003,Asian or Pacific Islander,A-PI,22.0
Brain and Other Nervous System,31010-31040,2003,Black or African American,2054-5,88.0
Brain and Other Nervous System,31010-31040,2003,White,2106-3,819.0
Brain and Other Nervous System,31010-31040,2004,Asian or Pacific Islander,A-PI,30.0
Brain and Other Nervous System,31010-31040,2004,Black or African American,2054-5,73.0
Brain and Other Nervous System,31010-31040,2004,White,2106-3,718.0
Brain and Other Nervous System,31010-31040,2005,Asian or Pacific Islander,A-PI,34.0
Brain and Other Nervous System,31010-31040,2005,Black or African American,2054-5,69.0
Brain and Other Nervous System,31010-31040,2005,White,2106-3,723.0
Brain and Other Nervous System,31010-31040,2006,Asian or Pacific Islander,A-PI,34.0
Brain and Other Nervous System,31010-31040,2006,Black or African American,2054-5,68.0
Brain and Other Nervous System,31010-31040,2006,White,2106-3,708.0
Brain and Other Nervous System,31010-31040,2007,Asian or Pacific Islander,A-PI,37.0
Brain and Other Nervous System,31010-31040,2007,Black or African American,2054-5,61.0
Brain and Other Nervous System,31010-31040,2007,White,2106-3,699.0
Brain and Other Nervous System,31010-31040,2008,Asian or Pacific Islander,A-PI,36.0
Brain and Other Nervous System,31010-31040,2008,Black or African American,2054-5,68.0
Brain and Other Nervous System,31010-31040,2008,White,2106-3,692.0
Brain and Other Nervous System,31010-31040,2009,Asian or Pacific Islander,A-PI,28.0
Brain and Other Nervous System,31010-31040,2009,Black or African American,2054-5,76.0
Brain and Other Nervous System,31010-31040,2009,White,2106-3,778.0
Brain and Other Nervous System,31010-31040,2010,Asian or Pacific Islander,A-PI,41.0
Brain and Other Nervous System,31010-31040,2010,Black or African American,2054-5,78.0
Brain and Other Nervous System,31010-31040,2010,White,2106-3,681.0
Brain and Other Nervous System,31010-31040,2011,Asian or Pacific Islander,A-PI,35.0
Brain and Other Nervous System,31010-31040,2011,Black or African American,2054-5,77.0
Brain and Other Nervous System,31010-31040,2011,White,2106-3,674.0
Brain and Other Nervous System,31010-31040,2012,Asian or Pacific Islander,A-PI,29.0
Brain and Other Nervous System,31010-31040,2012,Black or African American,2054-5,90.0
Brain and Other Nervous System,31010-31040,2012,White,2106-3,757.0
Brain and Other Nervous System,31010-31040,2013,Asian or Pacific Islander,A-PI,44.0
Brain and Other Nervous System,31010-31040,2013,Black or African American,2054-5,69.0
Brain and Other Nervous System,31010-31040,2013,White,2106-3,754.0
Brain and Other Nervous System,31010-31040,2014,Asian or Pacific Islander,A-PI,29.0
Brain and Other Nervous System,31010-31040,2014,Black or African American,2054-5,81.0
Brain and Other Nervous System,31010-31040,2014,White,2106-3,716.0
Brain and Other Nervous System,31010-31040,2015,Asian or Pacific Islander,A-PI,40.0
Brain and Other Nervous System,31010-31040,2015,Black or African American,2054-5,76.0
Brain and Other Nervous System,31010-31040,2015,White,2106-3,776.0
Brain and Other Nervous System,31010-31040,2016,Asian or Pacific Islander,A-PI,48.0
Brain and Other Nervous System,31010-31040,2016,Black or African American,2054-5,73.0
Brain and Other Nervous System,31010-31040,2016,White,2106-3,784.0
Brain and Other Nervous System,31010-31040,2017,Asian or Pacific Islander,A-PI,35.0
Brain and Other Nervous System,31010-31040,2017,Black or African American,2054-5,94.0
Brain and Other Nervous System,31010-31040,2017,White,2106-3,769.0
Brain and Other Nervous System,31010-31040,2018,Asian or Pacific Islander,A-PI,50.0
Brain and Other Nervous System,31010-31040,2018,Black or African American,2054-5,100.0
Brain and Other Nervous System,31010-31040,2018,White,2106-3,767.0
Brain and Other Nervous System,31010-31040,2019,Asian or Pacific Islander,A-PI,35.0
Brain and Other Nervous System,31010-31040,2019,Black or African American,2054-5,119.0
Brain and Other Nervous System,31010-31040,2019,White,2106-3,731.0
Brain and Other Nervous System,31010-31040,2020,Asian or Pacific Islander,A-PI,48.0
Brain and Other Nervous System,31010-31040,2020,Black or African American,2054-5,83.0
Brain and Other Nervous System,31010-31040,2020,White,2106-3,733.0
Brain and Other Nervous System,31010-31040,2021,Asian or Pacific Islander,A-PI,39.0
Brain and Other Nervous System,31010-31040,2021,Black or African American,2054-5,82.0
Brain and Other Nervous System,31010-31040,2021,White,2106-3,764.0
Breast,26000,1999,Asian or Pacific Islander,A-PI,29.0
Breast,26000,1999,Black or African American,2054-5,392.0
Breast,26000,1999,White,2106-3,1009.0
Breast,26000,2000,Asian or Pacific Islander,A-PI,52.0
Breast,26000,2000,Black or African American,2054-5,356.0
Breast,26000,2000,White,2106-3,1046.0
Breast,26000,2001,Asian or Pacific Islander,A-PI,46.0
Breast,26000,2001,Black or African American,2054-5,367.0
Breast,26000,2001,White,2106-3,1007.0
Breast,26000,2002,Asian or Pacific Islander,A-PI,37.0
Breast,26000,2002,Black or African American,2054-5,361.0
Breast,26000,2002,White,2106-3,925.0
Breast,26000,2003,Asian or Pacific Islander,A-PI,43.0
Breast,26000,2003,Black or African American,2054-5,352.0
Breast,26000,2003,White,2106-3,931.0
Breast,26000,2004,Asian or Pacific Islander,A-PI,40.0
Breast,26000,2004,Black or African American,2054-5,343.0
Breast,26000,2004,White,2106-3,839.0
Breast,26000,2005,Asian or Pacific Islander,A-PI,43.0
Breast,26000,2005,Black or African American,2054-5,324.0
Breast,26000,2005,White,2106-3,796.0
Breast,26000,2006,Asian or Pacific Islander,A-PI,38.0
Breast,26000,2006,Black or African American,2054-5,325.0
Breast,26000,2006,White,2106-3,800.0
Breast,26000,2007,Asian or Pacific Islander,A-PI,43.0
Breast,26000,2007,Black or African American,2054-5,307.0
Breast,26000,2007,White,2106-3,742.0
Breast,26000,2008,Asian or Pacific Islander,A-PI,39.0
Breast,26000,2008,Black or African American,2054-5,300.0
Breast,26000,2008,White,2106-3,726.0
Breast,26000,2009,Asian or Pacific Islander,A-PI,38.0
Breast,26000,2009,Black or African American,2054-5,275.0
Breast,26000,2009,White,2106-3,746.0
Breast,26000,2010,Asian or Pacific Islander,A-PI,37.0
Breast,26000,2010,Black or African American,2054-5,281.0
Breast,26000,2010,White,2106-3,639.0
Breast,26000,2011,Asian or Pacific Islander,A-PI,46.0
Breast,26000,2011,Black or African American,2054-5,285.0
Breast,26000,2011,White,2106-3,714.0
Breast,26000,2012,Asian or Pacific Islander,A-PI,57.0
Breast,26000,2012,Black or African American,2054-5,272.0
Breast,26000,2012,White,2106-3,650.0
Breast,26000,2013,Asian or Pacific Islander,A-PI,32.0
Breast,26000,2013,Black or African American,2054-5,255.0
Breast,26000,2013,White,2106-3,686.0
Breast,26000,2014,Asian or Pacific Islander,A-PI,62.0
Breast,26000,2014,Black or African American,2054-5,271.0
Breast,26000,2014,White,2106-3,716.0
Breast,26000,2015,Asian or Pacific Islander,A-PI,43.0
Breast,26000,2015,Black or African American,2054-5,285.0
Breast,26000,2015,White,2106-3,716.0
Breast,26000,2016,Asian or Pacific Islander,A-PI,64.0
Breast,26000,2016,Black or African American,2054-5,271.0
Breast,26000,2016,White,2106-3,820.0
Breast,26000,2017,Asian or Pacific Islander,A-PI,53.0
Breast,26000,2017,Black or African American,2054-5,285.0
Breast,26000,2017,White,2106-3,727.0
Breast,26000,2018,Asian or Pacific Islander,A-PI,57.0
Breast,26000,2018,Black or African American,2054-5,295.0
Breast,26000,2018,White,2106-3,744.0
Breast,26000,2019,Asian or Pacific Islander,A-PI,54.0
Breast,26000,2019,Black or African American,2054-5,320.0
Breast,26000,2019,White,2106-3,823.0
Breast,26000,2020,Asian or Pacific Islander,A-PI,51.0
Breast,26000,2020,Black or African American,2054-5,263.0
Breast,26000,2020,White,2106-3,745.0
Breast,26000,2021,Asian or Pacific Islander,A-PI,63.0
Breast,26000,2021,Black or African American,2054-5,271.0
Breast,26000,2021,White,2106-3,740.0
Cervix Uteri,27010,1999,Black or African American,2054-5,98.0
Cervix Uteri,27010,1999,White,2106-3,406.0
Cervix Uteri,27010,2000,Black or African American,2054-5,117.0
Cervix Uteri,27010,2000,White,2106-3,407.0
Cervix Uteri,27010,2001,Black or African American,2054-5,97.0
Cervix Uteri,27010,2001,White,2106-3,399.0
Cervix Uteri,27010,2002,Black or African American,2054-5,105.0
Cervix Uteri,27010,2002,White,2106-3,383.0
Cervix Uteri,27010,2003,Asian or Pacific Islander,A-PI,19.0
Cervix Uteri,27010,2003,Black or African American,2054-5,109.0
Cervix Uteri,27010,2003,White,2106-3,333.0
Cervix Uteri,27010,2004,Black or African American,2054-5,93.0
Cervix Uteri,27010,2004,White,2106-3,349.0
Cervix Uteri,27010,2005,Black or African American,2054-5,78.0
Cervix Uteri,27010,2005,White,2106-3,324.0
Cervix Uteri,27010,2006,Asian or Pacific Islander,A-PI,17.0
Cervix Uteri,27010,2006,Black or African American,2054-5,89.0
Cervix Uteri,27010,2006,White,2106-3,327.0
Cervix Uteri,27010,2007,Black or African American,2054-5,105.0
Cervix Uteri,27010,2007,White,2106-3,350.0
Cervix Uteri,27010,2008,Black or African American,2054-5,85.0
Cervix Uteri,27010,2008,White,2106-3,306.0
Cervix Uteri,27010,2009,Black or African American,2054-5,83.0
Cervix Uteri,27010,2009,White,2106-3,331.0
Cervix Uteri,27010,2010,Black or African American,2054-5,89.0
Cervix Uteri,27010,2010,White,2106-3,322.0
Cervix Uteri,27010,2011,Asian or Pacific Islander,A-PI,16.0
Cervix Uteri,27010,2011,Black or African American,2054-5,101.0
Cervix Uteri,27010,2011,White,2106-3,295.0
Cervix Uteri,27010,2012,Asian or Pacific Islander,A-PI,16.0
Cervix Uteri,27010,2012,Black or African American,2054-5,87.0
Cervix Uteri,27010,2012,White,2106-3,338.0
Cervix Uteri,27010,2013,Asian or Pacific Islander,A-PI,16.0
Cervix Uteri,27010,2013,Black or African American,2054-5,80.0
Cervix Uteri,27010,2013,White,2106-3,333.0
Cervix Uteri,27010,2014,Black or African American,2054-5,86.0
Cervix Uteri,27010,2014,White,2106-3,339.0
Cervix Uteri,27010,2015,Black or African American,2054-5,77.0
Cervix Uteri,27010,2015,White,2106-3,341.0
Cervix Uteri,27010,2016,Asian or Pacific Islander,A-PI,22.0
Cervix Uteri,27010,2016,Black or African American,2054-5,80.0
Cervix Uteri,27010,2016,White,2106-3,358.0
Cervix Uteri,27010,2017,Asian or Pacific Islander,A-PI,22.0
Cervix Uteri,27010,2017,Black or African American,2054-5,87.0
Cervix Uteri,27010,2017,White,2106-3,395.0
Cervix Uteri,27010,2018,Asian or Pacific Islander,A-PI,17.0
Cervix Uteri,27010,2018,Black or African American,2054-5,92.0
Cervix Uteri,27010,2018,White,2106-3,354.0
Cervix Uteri,27010,2019,Black or African American,2054-5,88.0
Cervix Uteri,27010,2019,White,2106-3,313.0
Cervix Uteri,27010,2020,Asian or Pacific Islander,A-PI,18.0
Cervix Uteri,27010,2020,Black or African American,2054-5,83.0
Cervix Uteri,27010,2020,White,2106-3,385.0
Cervix Uteri,27010,2021,American Indian or Alaska Native,1002-5,16.0
Cervix Uteri,27010,2021,Asian or Pacific Islander,A-PI,20.0
Cervix Uteri,27010,2021,Black or African American,2054-5,80.0
Cervix Uteri,27010,2021,White,2106-3,390.0
Colon and Rectum,21041-21052,1999,Asian or Pacific Islander,A-PI,23.0
Colon and Rectum,21041-21052,1999,Black or African American,2054-5,151.0
Colon and Rectum,21041-21052,1999,White,2106-3,567.0
Colon and Rectum,21041-21052,2000,Asian or Pacific Islander,A-PI,36.0
Colon and Rectum,21041-21052,2000,Black or African American,2054-5,164.0
Colon and Rectum,21041-21052,2000,White,2106-3,560.0
Colon and Rectum,21041-21052,2001,Asian or Pacific Islander,A-PI,38.0
Colon and Rectum,21041-21052,2001,Black or African American,2054-5,158.0
Colon and Rectum,21041-21052,2001,White,2106-3,616.0
Colon and Rectum,21041-21052,2002,Asian or Pacific Islander,A-PI,35.0
Colon and Rectum,21041-21052,2002,Black or African American,2054-5,120.0
Colon and Rectum,21041-21052,2002,White,2106-3,587.0
Colon and Rectum,21041-21052,2003,Asian or Pacific Islander,A-PI,44.0
Colon and Rectum,21041-21052,2003,Black or African American,2054-5,147.0
Colon and Rectum,21041-21052,2003,White,2106-3,555.0
Colon and Rectum,21041-21052,2004,Asian or Pacific Islander,A-PI,46.0
Colon and Rectum,21041-21052,2004,Black or African American,2054-5,133.0
Colon and Rectum,21041-21052,2004,White,2106-3,544.0
Colon and Rectum,21041-21052,2005,Asian or Pacific Islander,A-PI,21.0
Colon and Rectum,21041-21052,2005,Black or African American,2054-5,141.0
Colon and Rectum,21041-21052,2005,White,2106-3,555.0
Colon and Rectum,21041-21052,2006,Asian or Pacific Islander,A-PI,36.0
Colon and Rectum,21041-21052,2006,Black or African American,2054-5,153.0
Colon and Rectum,21041-21052,2006,White,2106-3,569.0
Colon and Rectum,21041-21052,2007,Asian or Pacific Islander,A-PI,38.0
Colon and Rectum,21041-21052,2007,Black or African American,2054-5,130.0
Colon and Rectum,21041-21052,2007,White,2106-3,525.0
Colon and Rectum,21041-21052,2008,Asian or Pacific Islander,A-PI,46.0
Colon and Rectum,21041-21052,2008,Black or African American,2054-5,153.0
Colon and Rectum,21041-21052,2008,White,2106-3,609.0
Colon and Rectum,21041-21052,2009,Asian or Pacific Islander,A-PI,35.0
Colon and Rectum,21041-21052,2009,Black or African American,2054-5,148.0
Colon and Rectum,21041-21052,2009,White,2106-3,589.0
Colon and Rectum,21041-21052,2010,Asian or Pacific Islander,A-PI,48.0
Colon and Rectum,21041-21052,2010,Black or African American,2054-5,153.0
Colon and Rectum,21041-21052,2010,White,2106-3,570.0
Colon and Rectum,21041-21052,2011,Asian or Pacific Islander,A-PI,35.0
Colon and Rectum,21041-21052,2011,Black or African American,2054-5,167.0
Colon and Rectum,21041-21052,2011,White,2106-3,575.0
Colon and Rectum,21041-21052,2012,Asian or Pacific Islander,A-PI,47.0
Colon and Rectum,21041-21052,2012,Black or African American,2054-5,143.0
Colon and Rectum,21041-21052,2012,White,2106-3,626.0
Colon and Rectum,21041-21052,2013,Asian or Pacific Islander,A-PI,54.0
Colon and Rectum,21041-21052,2013,Black or African American,2054-5,150.0
Colon and Rectum,21041-21052,2013,White,2106-3,627.0
Colon and Rectum,21041-21052,2014,Asian or Pacific Islander,A-PI,45.0
Colon and Rectum,21041-21052,2014,Black or African American,2054-5,160.0
Colon and Rectum,21041-21052,2014,White,2106-3,612.0
Colon and Rectum,21041-21052,2015,American Indian or Alaska Native,1002-5,17.0
Colon and Rectum,21041-21052,2015,Asian or Pacific Islander,A-PI,46.0
Colon and Rectum,21041-21052,2015,Black or African American,2054-5,168.0
Colon and Rectum,21041-21052,2015,White,2106-3,627.0
Colon and Rectum,21041-21052,2016,Asian or Pacific Islander,A-PI,56.0
Colon and Rectum,21041-21052,2016,Black or African American,2054-5,171.0
Colon and Rectum,21041-21052,2016,White,2106-3,663.0
Colon and Rectum,21041-21052,2017,Asian or Pacific Islander,A-PI,51.0
Colon and Rectum,21041-21052,2017,Black or African American,2054-5,168.0
Colon and Rectum,21041-21052,2017,White,2106-3,636.0
Colon and Rectum,21041-21052,2018,Asian or Pacific Islander,A-PI,58.0
Colon and Rectum,21041-21052,2018,Black or African American,2054-5,170.0
Colon and Rectum,21041-21052,2018,White,2106-3,683.0
Colon and Rectum,21041-21052,2019,Asian or Pacific Islander,A-PI,54.0
Colon and Rectum,21041-21052,2019,Black or African American,2054-5,143.0
Colon and Rectum,21041-21052,2019,White,2106-3,655.0
Colon and Rectum,21041-21052,2020,Asian or Pacific Islander,A-PI,62.0
Colon and Rectum,21041-21052,2020,Black or African American,2054-5,187.0
Colon and Rectum,21041-21052,2020,White,2106-3,699.0
Colon and Rectum,21041-21052,2021,Asian or Pacific Islander,A-PI,66.0
Colon and Rectum,21041-21052,2021,Black or African American,2054-5,183.0
Colon and Rectum,21041-21052,2021,White,2106-3,697.0
Corpus Uteri,27020,1999,White,2106-3,24.0
Corpus Uteri,27020,2000,White,2106-3,21.0
Corpus Uteri,27020,2001,White,2106-3,20.0
Corpus Uteri,27020,2002,White,2106-3,20.0
Corpus Uteri,27020,2003,White,2106-3,18.0
Corpus Uteri,27020,2004,White,2106-3,27.0
Corpus Uteri,27020,2005,White,2106-3,22.0
Corpus Uteri,27020,2006,White,2106-3,25.0
Corpus Uteri,27020,2007,White,2106-3,22.0
Corpus Uteri,27020,2008,White,2106-3,25.0
Corpus Uteri,27020,2009,White,2106-3,21.0
Corpus Uteri,27020,2010,White,2106-3,22.0
Corpus Uteri,27020,2011,White,2106-3,29.0
Corpus Uteri,27020,2012,White,2106-3,32.0
Corpus Uteri,27020,2013,White,2106-3,29.0
Corpus Uteri,27020,2014,White,2106-3,26.0
Corpus Uteri,27020,2015,White,2106-3,31.0
Corpus Uteri,27020,2016,White,2106-3,49.0
Corpus Uteri,27020,2017,White,2106-3,38.0
Corpus Uteri,27020,2018,White,2106-3,47.0
Corpus Uteri,27020,2019,White,2106-3,45.0
Corpus Uteri,27020,2020,White,2106-3,45.0
Corpus Uteri,27020,2021,White,2106-3,64.0
Esophagus,21010,1999,White,2106-3,99.0
Esophagus,21010,2000,White,2106-3,114.0
Esophagus,21010,2001,White,2106-3,87.0
Esophagus,21010,2002,White,2106-3,96.0
Esophagus,21010,2003,White,2106-3,93.0
Esophagus,21010,2004,White,2106-3,92.0
Esophagus,21010,2005,Black or African American,2054-5,16.0
Esophagus,21010,2005,White,2106-3,92.0
Esophagus,21010,2006,White,2106-3,101.0
Esophagus,21010,2007,White,2106-3,80.0
Esophagus,21010,2008,White,2106-3,78.0
Esophagus,21010,2009,White,2106-3,91.0
Esophagus,21010,2010,White,2106-3,79.0
Esophagus,21010,2011,White,2106-3,101.0
Esophagus,21010,2012,White,2106-3,69.0
Esophagus,21010,2013,White,2106-3,76.0
Esophagus,21010,2014,White,2106-3,93.0
Esophagus,21010,2015,White,2106-3,84.0
Esophagus,21010,2016,Black or African American,2054-5,17.0
Esophagus,21010,2016,White,2106-3,94.0
Esophagus,21010,2017,White,2106-3,94.0
Esophagus,21010,2018,White,2106-3,99.0
Esophagus,21010,2019,White,2106-3,108.0
Esophagus,21010,2020,White,2106-3,81.0
Esophagus,21010,2021,White,2106-3,95.0
Kidney and Renal Pelvis,29020,1999,Black or African American,2054-5,52.0
Kidney and Renal Pelvis,29020,1999,White,2106-3,113.0
Kidney and Renal Pelvis,29020,2000,Black or African American,2054-5,35.0
Kidney and Renal Pelvis,29020,2000,White,2106-3,97.0
Kidney and Renal Pelvis,29020,2001,Black or African American,2054-5,45.0
Kidney and Renal Pelvis,29020,2001,White,2106-3,88.0
Kidney and Renal Pelvis,29020,2002,Black or African American,2054-5,39.0
Kidney and Renal Pelvis,29020,2002,White,2106-3,107.0
Kidney and Renal Pelvis,29020,2003,Black or African American,2054-5,44.0
Kidney and Renal Pelvis,29020,2003,White,2106-3,99.0
Kidney and Renal Pelvis,29020,2004,Black or African American,2054-5,34.0
Kidney and Renal Pelvis,29020,2004,White,2106-3,93.0
Kidney and Renal Pelvis,29020,2005,Black or African American,2054-5,46.0
Kidney and Renal Pelvis,29020,2005,White,2106-3,84.0
Kidney and Renal Pelvis,29020,2006,Black or African American,2054-5,45.0
Kidney and Renal Pelvis,29020,2006,White,2106-3,91.0
Kidney and Renal Pelvis,29020,2007,Black or African American,2054-5,38.0
Kidney and Renal Pelvis,29020,2007,White,2106-3,94.0
Kidney and Renal Pelvis,29020,2008,Black or African American,2054-5,44.0
Kidney and Renal Pelvis,29020,2008,White,2106-3,78.0
Kidney and Renal Pelvis,29020,2009,Black or African American,2054-5,44.0
Kidney and Renal Pelvis,29020,2009,White,2106-3,98.0
Kidney and Renal Pelvis,29020,2010,Black or African American,2054-5,55.0
Kidney and Renal Pelvis,29020,2010,White,2106-3,71.0
Kidney and Renal Pelvis,29020,2011,Black or African American,2054-5,49.0
Kidney and Renal Pelvis,29020,2011,White,2106-3,108.0
Kidney and Renal Pelvis,29020,2012,Black or African American,2054-5,36.0
Kidney and Renal Pelvis,29020,2012,White,2106-3,88.0
Kidney and Renal Pelvis,29020,2013,Black or African American,2054-5,48.0
Kidney and Renal Pelvis,29020,2013,White,2106-3,92.0
Kidney and Renal Pelvis,29020,2014,Black or African American,2054-5,59.0
Kidney and Renal Pelvis,29020,2014,White,2106-3,88.0
Kidney and Renal Pelvis,29020,2015,Black or African American,2054-5,57.0
Kidney and Renal Pelvis,29020,2015,White,2106-3,93.0
Kidney and Renal Pelvis,29020,2016,Black or African American,2054-5,70.0
Kidney and Renal Pelvis,29020,2016,White,2106-3,92.0
Kidney and Renal Pelvis,29020,2017,Black or African American,2054-5,41.0
Kidney and Renal Pelvis,29020,2017,White,2106-3,107.0
Kidney and Renal Pelvis,29020,2018,Black or African American,2054-5,47.0
Kidney and Renal Pelvis,29020,2018,White,2106-3,110.0
Kidney and Renal Pelvis,29020,2019,Black or African American,2054-5,42.0
Kidney and Renal Pelvis,29020,2019,White,2106-3,95.0
Kidney and Renal Pelvis,29020,2020,Black or African American,2054-5,60.0
Kidney and Renal Pelvis,29020,2020,White,2106-3,69.0
Kidney and Renal Pelvis,29020,2021,Black or African American,2054-5,41.0
Kidney and Renal Pelvis,29020,2021,White,2106-3,88.0
Larynx,22020,1999,White,2106-3,18.0
Larynx,22020,2002,White,2106-3,17.0
Leukemias,35011-35043,1999,Asian or Pacific Islander,A-PI,43.0
Leukemias,35011-35043,1999,Black or African American,2054-5,168.0
Leukemias,35011-35043,1999,White,2106-3,917.0
Leukemias,35011-35043,2000,Asian or Pacific Islander,A-PI,50.0
Leukemias,35011-35043,2000,Black or African American,2054-5,173.0
Leukemias,35011-35043,2000,White,2106-3,830.0
Leukemias,35011-35043,2001,American Indian or Alaska Native,1002-5,18.0
Leukemias,35011-35043,2001,Asian or Pacific Islander,A-PI,47.0
Leukemias,35011-35043,2001,Black or African American,2054-5,166.0
Leukemias,35011-35043,2001,White,2106-3,888.0
Leukemias,35011-35043,2002,Asian or Pacific Islander,A-PI,48.0
Leukemias,35011-35043,2002,Black or African American,2054-5,136.0
Leukemias,35011-35043,2002,White,2106-3,833.0
Leukemias,35011-35043,2003,Asian or Pacific Islander,A-PI,40.0
Leukemias,35011-35043,2003,Black or African American,2054-5,155.0
Leukemias,35011-35043,2003,White,2106-3,768.0
Leukemias,35011-35043,2004,Asian or Pacific Islander,A-PI,36.0
Leukemias,35011-35043,2004,Black or African American,2054-5,148.0
Leukemias,35011-35043,2004,White,2106-3,734.0
Leukemias,35011-35043,2005,Asian or Pacific Islander,A-PI,43.0
Leukemias,35011-35043,2005,Black or African American,2054-5,145.0
Leukemias,35011-35043,2005,White,2106-3,799.0
Leukemias,35011-35043,2006,Asian or Pacific Islander,A-PI,48.0
Leukemias,35011-35043,2006,Black or African American,2054-5,144.0
Leukemias,35011-35043,2006,White,2106-3,823.0
Leukemias,35011-35043,2007,Asian or Pacific Islander,A-PI,39.0
Leukemias,35011-35043,2007,Black or African American,2054-5,138.0
Leukemias,35011-35043,2007,White,2106-3,729.0
Leukemias,35011-35043,2008,Asian or Pacific Islander,A-PI,60.0
Leukemias,35011-35043,2008,Black or African American,2054-5,137.0
Leukemias,35011-35043,2008,White,2106-3,775.0
Leukemias,35011-35043,2009,Asian or Pacific Islander,A-PI,46.0
Leukemias,35011-35043,2009,Black or African American,2054-5,141.0
Leukemias,35011-35043,2009,White,2106-3,782.0
Leukemias,35011-35043,2010,Asian or Pacific Islander,A-PI,63.0
Leukemias,35011-35043,2010,Black or African American,2054-5,128.0
Leukemias,35011-35043,2010,White,2106-3,743.0
Leukemias,35011-35043,2011,Asian or Pacific Islander,A-PI,47.0
Leukemias,35011-35043,2011,Black or African American,2054-5,151.0
Leukemias,35011-35043,2011,White,2106-3,681.0
Leukemias,35011-35043,2012,Asian or Pacific Islander,A-PI,51.0
Leukemias,35011-35043,2012,Black or African American,2054-5,121.0
Leukemias,35011-35043,2012,White,2106-3,666.0
Leukemias,35011-35043,2013,Asian or Pacific Islander,A-PI,47.0
Leukemias,35011-35043,2013,Black or African American,2054-5,120.0
Leukemias,35011-35043,2013,White,2106-3,650.0
Leukemias,35011-35043,2014,Asian or Pacific Islander,A-PI,49.0
Leukemias,35011-35043,2014,Black or African American,2054-5,134.0
Leukemias,35011-35043,2014,White,2106-3,678.0
Leukemias,35011-35043,2015,Asian or Pacific Islander,A-PI,59.0
Leukemias,35011-35043,2015,Black or African American,2054-5,145.0
Leukemias,35011-35043,2015,White,2106-3,623.0
Leukemias,35011-35043,2016,Asian or Pacific Islander,A-PI,46.0
Leukemias,35011-35043,2016,Black or African American,2054-5,151.0
Leukemias,35011-35043,2016,White,2106-3,667.0
Leukemias,35011-35043,2017,Asian or Pacific Islander,A-PI,45.0
Leukemias,35011-35043,2017,Black or African American,2054-5,108.0
Leukemias,35011-35043,2017,White,2106-3,626.0
Leukemias,35011-35043,2018,Asian or Pacific Islander,A-PI,48.0
Leukemias,35011-35043,2018,Black or African American,2054-5,127.0
Leukemias,35011-35043,2018,White,2106-3,599.0
Leukemias,35011-35043,2019,Asian or Pacific Islander,A-PI,42.0
Leukemias,35011-35043,2019,Black or African American,2054-5,137.0
Leukemias,35011-35043,2019,White,2106-3,623.0
Leukemias,35011-35043,2020,Asian or Pacific Islander,A-PI,38.0
Leukemias,35011-35043,2020,Black or African American,2054-5,134.0
Leukemias,35011-35043,2020,White,2106-3,569.0
Leukemias,35011-35043,2021,Asian or Pacific Islander,A-PI,43.0
Leukemias,35011-35043,2021,Black or African American,2054-5,124.0
Leukemias,35011-35043,2021,White,2106-3,550.0
Liver,21071,1999,Asian or Pacific Islander,A-PI,40.0
Liver,21071,1999,Black or African American,2054-5,48.0
Liver,21071,1999,White,2106-3,87.0
Liver,21071,2000,Asian or Pacific Islander,A-PI,41.0
Liver,21071,2000,Black or African American,2054-5,43.0
Liver,21071,2000,White,2106-3,92.0
Liver,21071,2001,Asian or Pacific Islander,A-PI,33.0
Liver,21071,2001,Black or African American,2054-5,42.0
Liver,21071,2001,White,2106-3,106.0
Liver,21071,2002,Asian or Pacific Islander,A-PI,48.0
Liver,21071,2002,Black or African American,2054-5,41.0
Liver,21071,2002,White,2106-3,99.0
Liver,21071,2003,Asian or Pacific Islander,A-PI,37.0
Liver,21071,2003,Black or African American,2054-5,48.0
Liver,21071,2003,White,2106-3,84.0
Liver,21071,2004,Asian or Pacific Islander,A-PI,31.0
Liver,21071,2004,Black or African American,2054-5,46.0
Liver,21071,2004,White,2106-3,75.0
Liver,21071,2005,Asian or Pacific Islander,A-PI,32.0
Liver,21071,2005,Black or African American,2054-5,54.0
Liver,21071,2005,White,2106-3,81.0
Liver,21071,2006,Asian or Pacific Islander,A-PI,38.0
Liver,21071,2006,Black or African American,2054-5,41.0
Liver,21071,2006,White,2106-3,80.0
Liver,21071,2007,Asian or Pacific Islander,A-PI,26.0
Liver,21071,2007,Black or African American,2054-5,40.0
Liver,21071,2007,White,2106-3,99.0
Liver,21071,2008,Asian or Pacific Islander,A-PI,26.0
Liver,21071,2008,Black or African American,2054-5,42.0
Liver,21071,2008,White,2106-3,77.0
Liver,21071,2009,Asian or Pacific Islander,A-PI,28.0
Liver,21071,2009,Black or African American,2054-5,33.0
Liver,21071,2009,White,2106-3,74.0
Liver,21071,2010,Asian or Pacific Islander,A-PI,35.0
Liver,21071,2010,Black or African American,2054-5,34.0
Liver,21071,2010,White,2106-3,68.0
Liver,21071,2011,Asian or Pacific Islander,A-PI,30.0
Liver,21071,2011,Black or African American,2054-5,33.0
Liver,21071,2011,White,2106-3,72.0
Liver,21071,2012,Asian or Pacific Islander,A-PI,29.0
Liver,21071,2012,Black or African American,2054-5,35.0
Liver,21071,2012,White,2106-3,67.0
Liver,21071,2013,Asian or Pacific Islander,A-PI,39.0
Liver,21071,2013,Black or African American,2054-5,40.0
Liver,21071,2013,White,2106-3,84.0
Liver,21071,2014,Asian or Pacific Islander,A-PI,20.0
Liver,21071,2014,Black or African American,2054-5,33.0
Liver,21071,2014,White,2106-3,69.0
Liver,21071,2015,Asian or Pacific Islander,A-PI,31.0
Liver,21071,2015,Black or African American,2054-5,42.0
Liver,21071,2015,White,2106-3,77.0
Liver,21071,2016,Asian or Pacific Islander,A-PI,24.0
Liver,21071,2016,Black or African American,2054-5,40.0
Liver,21071,2016,White,2106-3,82.0
Liver,21071,2017,Asian or Pacific Islander,A-PI,30.0
Liver,21071,2017,Black or African American,2054-5,46.0
Liver,21071,2017,White,2106-3,82.0
Liver,21071,2018,Asian or Pacific Islander,A-PI,18.0
Liver,21071,2018,Black or African American,2054-5,47.0
Liver,21071,2018,White,2106-3,64.0
Liver,21071,2019,Asian or Pacific Islander,A-PI,23.0
Liver,21071,2019,Black or African American,2054-5,34.0
Liver,21071,2019,White,2106-3,68.0
Liver,21071,2020,Asian or Pacific Islander,A-PI,24.0
Liver,21071,2020,Black or African American,2054-5,33.0
Liver,21071,2020,White,2106-3,76.0
Liver,21071,2021,Asian or Pacific Islander,A-PI,29.0
Liver,21071,2021,Black or African American,2054-5,31.0
Liver,21071,2021,White,2106-3,80.0
Lung and Bronchus,22030,1999,Asian or Pacific Islander,A-PI,31.0
Lung and Bronchus,22030,1999,Black or African American,2054-5,159.0
Lung and Bronchus,22030,1999,White,2106-3,667.0
Lung and Bronchus,22030,2000,Asian or Pacific Islander,A-PI,32.0
Lung and Bronchus,22030,2000,Black or African American,2054-5,176.0
Lung and Bronchus,22030,2000,White,2106-3,666.0
Lung and Bronchus,22030,2001,Asian or Pacific Islander,A-PI,25.0
Lung and Bronchus,22030,2001,Black or African American,2054-5,121.0
Lung and Bronchus,22030,2001,White,2106-3,662.0
Lung and Bronchus,22030,2002,Asian or Pacific Islander,A-PI,36.0
Lung and Bronchus,22030,2002,Black or African American,2054-5,122.0
Lung and Bronchus,22030,2002,White,2106-3,605.0
Lung and Bronchus,22030,2003,Asian or Pacific Islander,A-PI,35.0
Lung and Bronchus,22030,2003,Black or African American,2054-5,103.0
Lung and Bronchus,22030,2003,White,2106-3,550.0
Lung and Bronchus,22030,2004,Asian or Pacific Islander,A-PI,31.0
Lung and Bronchus,22030,2004,Black or African American,2054-5,98.0
Lung and Bronchus,22030,2004,White,2106-3,499.0
Lung and Bronchus,22030,2005,Asian or Pacific Islander,A-PI,34.0
Lung and Bronchus,22030,2005,Black or African American,2054-5,86.0
Lung and Bronchus,22030,2005,White,2106-3,460.0
Lung and Bronchus,22030,2006,Asian or Pacific Islander,A-PI,33.0
Lung and Bronchus,22030,2006,Black or African American,2054-5,110.0
Lung and Bronchus,22030,2006,White,2106-3,454.0
Lung and Bronchus,22030,2007,Asian or Pacific Islander,A-PI,23.0
Lung and Bronchus,22030,2007,Black or African American,2054-5,72.0
Lung and Bronchus,22030,2007,White,2106-3,403.0
Lung and Bronchus,22030,2008,Asian or Pacific Islander,A-PI,33.0
Lung and Bronchus,22030,2008,Black or African American,2054-5,66.0
Lung and Bronchus,22030,2008,White,2106-3,404.0
Lung and Bronchus,22030,2009,Asian or Pacific Islander,A-PI,41.0
Lung and Bronchus,22030,2009,Black or African American,2054-5,69.0
Lung and Bronchus,22030,2009,White,2106-3,404.0
Lung and Bronchus,22030,2010,Asian or Pacific Islander,A-PI,32.0
Lung and Bronchus,22030,2010,Black or African American,2054-5,68.0
Lung and Bronchus,22030,2010,White,2106-3,400.0
Lung and Bronchus,22030,2011,Asian or Pacific Islander,A-PI,36.0
Lung and Bronchus,22030,2011,Black or African American,2054-5,67.0
Lung and Bronchus,22030,2011,White,2106-3,295.0
Lung and Bronchus,22030,2012,Asian or Pacific Islander,A-PI,31.0
Lung and Bronchus,22030,2012,Black or African American,2054-5,71.0
Lung and Bronchus,22030,2012,White,2106-3,349.0
Lung and Bronchus,22030,2013,Asian or Pacific Islander,A-PI,30.0
Lung and Bronchus,22030,2013,Black or African American,2054-5,84.0
Lung and Bronchus,22030,2013,White,2106-3,285.0
Lung and Bronchus,22030,2014,Asian or Pacific Islander,A-PI,37.0
Lung and Bronchus,22030,2014,Black or African American,2054-5,82.0
Lung and Bronchus,22030,2014,White,2106-3,285.0
Lung and Bronchus,22030,2015,Asian or Pacific Islander,A-PI,23.0
Lung and Bronchus,22030,2015,Black or African American,2054-5,92.0
Lung and Bronchus,22030,2015,White,2106-3,276.0
Lung and Bronchus,22030,2016,Asian or Pacific Islander,A-PI,41.0
Lung and Bronchus,22030,2016,Black or African American,2054-5,71.0
Lung and Bronchus,22030,2016,White,2106-3,279.0
Lung and Bronchus,22030,2017,Asian or Pacific Islander,A-PI,22.0
Lung and Bronchus,22030,2017,Black or African American,2054-5,87.0
Lung and Bronchus,22030,2017,White,2106-3,237.0
Lung and Bronchus,22030,2018,Asian or Pacific Islander,A-PI,33.0
Lung and Bronchus,22030,2018,Black or African American,2054-5,63.0
Lung and Bronchus,22030,2018,White,2106-3,247.0
Lung and Bronchus,22030,2019,Asian or Pacific Islander,A-PI,25.0
Lung and Bronchus,22030,2019,Black or African American,2054-5,72.0
Lung and Bronchus,22030,2019,White,2106-3,242.0
Lung and Bronchus,22030,2020,Asian or Pacific Islander,A-PI,30.0
Lung and Bronchus,22030,2020,Black or African American,2054-5,68.0
Lung and Bronchus,22030,2020,White,2106-3,233.0
Lung and Bronchus,22030,2021,Asian or Pacific Islander,A-PI,29.0
Lung and Bronchus,22030,2021,Black or African American,2054-5,79.0
Lung and Bronchus,22030,2021,White,2106-3,222.0
Melanoma of the Skin,25010,1999,White,2106-3,452.0
Melanoma of the Skin,25010,2000,White,2106-3,443.0
Melanoma of the Skin,25010,2001,White,2106-3,425.0
Melanoma of the Skin,25010,2002,White,2106-3,436.0
Melanoma of the Skin,25010,2003,White,2106-3,399.0
Melanoma of the Skin,25010,2004,White,2106-3,409.0
Melanoma of the Skin,25010,2005,White,2106-3,415.0
Melanoma of the Skin,25010,2006,White,2106-3,403.0
Melanoma of the Skin,25010,2007,White,2106-3,350.0
Melanoma of the Skin,25010,2008,White,2106-3,364.0
Melanoma of the Skin,25010,2009,White,2106-3,415.0
Melanoma of the Skin,25010,2010,White,2106-3,358.0
Melanoma of the Skin,25010,2011,White,2106-3,325.0
Melanoma of the Skin,25010,2012,White,2106-3,310.0
Melanoma of the Skin,25010,2013,White,2106-3,356.0
Melanoma of the Skin,25010,2014,White,2106-3,341.0
Melanoma of the Skin,25010,2015,White,2106-3,268.0
Melanoma of the Skin,25010,2016,White,2106-3,262.0
Melanoma of the Skin,25010,2017,White,2106-3,254.0
Melanoma of the Skin,25010,2018,White,2106-3,260.0
Melanoma of the Skin,25010,2019,White,2106-3,227.0
Melanoma of the Skin,25010,2020,White,2106-3,229.0
Melanoma of the Skin,25010,2021,White,2106-3,197.0
Myeloma,34000,1999,Black or African American,2054-5,16.0
Myeloma,34000,1999,White,2106-3,48.0
Myeloma,34000,2000,Black or African American,2054-5,16.0
Myeloma,34000,2000,White,2106-3,27.0
Myeloma,34000,2001,White,2106-3,29.0
Myeloma,34000,2002,White,2106-3,32.0
Myeloma,34000,2003,White,2106-3,24.0
Myeloma,34000,2004,White,2106-3,29.0
Myeloma,34000,2005,White,2106-3,28.0
Myeloma,34000,2006,Black or African American,2054-5,16.0
Myeloma,34000,2006,White,2106-3,21.0
Myeloma,34000,2007,White,2106-3,26.0
Myeloma,34000,2008,White,2106-3,34.0
Myeloma,34000,2009,White,2106-3,25.0
Myeloma,34000,2010,White,2106-3,24.0
Myeloma,34000,2011,White,2106-3,28.0
Myeloma,34000,2012,White,2106-3,21.0
Myeloma,34000,2013,White,2106-3,20.0
Myeloma,34000,2014,White,2106-3,20.0
Myeloma,34000,2015,White,2106-3,27.0
Myeloma,34000,2016,White,2106-3,19.0
Myeloma,34000,2018,White,2106-3,21.0
Myeloma,34000,2019,White,2106-3,17.0
Myeloma,34000,2020,White,2106-3,21.0
Non-Hodgkin Lymphoma,33041-33042,1999,Asian or Pacific Islander,A-PI,22.0
Non-Hodgkin Lymphoma,33041-33042,1999,Black or African American,2054-5,139.0
Non-Hodgkin Lymphoma,33041-33042,1999,White,2106-3,541.0
Non-Hodgkin Lymphoma,33041-33042,2000,Asian or Pacific Islander,A-PI,30.0
Non-Hodgkin Lymphoma,33041-33042,2000,Black or African American,2054-5,139.0
Non-Hodgkin Lymphoma,33041-33042,2000,White,2106-3,529.0
Non-Hodgkin Lymphoma,33041-33042,2001,Asian or Pacific Islander,A-PI,21.0
Non-Hodgkin Lymphoma,33041-33042,2001,Black or African American,2054-5,138.0
Non-Hodgkin Lymphoma,33041-33042,2001,White,2106-3,520.0
Non-Hodgkin Lymphoma,33041-33042,2002,Asian or Pacific Islander,A-PI,32.0
Non-Hodgkin Lymphoma,33041-33042,2002,Black or African American,2054-5,117.0
Non-Hodgkin Lymphoma,33041-33042,2002,White,2106-3,475.0
Non-Hodgkin Lymphoma,33041-33042,2003,Asian or Pacific Islander,A-PI,24.0
Non-Hodgkin Lymphoma,33041-33042,2003,Black or African American,2054-5,112.0
Non-Hodgkin Lymphoma,33041-33042,2003,White,2106-3,433.0
Non-Hodgkin Lymphoma,33041-33042,2004,Black or African American,2054-5,114.0
Non-Hodgkin Lymphoma,33041-33042,2004,White,2106-3,408.0
Non-Hodgkin Lymphoma,33041-33042,2005,Asian or Pacific Islander,A-PI,22.0
Non-Hodgkin Lymphoma,33041-33042,2005,Black or African American,2054-5,121.0
Non-Hodgkin Lymphoma,33041-33042,2005,White,2106-3,347.0
Non-Hodgkin Lymphoma,33041-33042,2006,Asian or Pacific Islander,A-PI,24.0
Non-Hodgkin Lymphoma,33041-33042,2006,Black or African American,2054-5,114.0
Non-Hodgkin Lymphoma,33041-33042,2006,White,2106-3,345.0
Non-Hodgkin Lymphoma,33041-33042,2007,Asian or Pacific Islander,A-PI,17.0
Non-Hodgkin Lymphoma,33041-33042,2007,Black or African American,2054-5,93.0
Non-Hodgkin Lymphoma,33041-33042,2007,White,2106-3,367.0
Non-Hodgkin Lymphoma,33041-33042,2008,Black or African American,2054-5,91.0
Non-Hodgkin Lymphoma,33041-33042,2008,White,2106-3,361.0
Non-Hodgkin Lymphoma,33041-33042,2009,Asian or Pacific Islander,A-PI,20.0
Non-Hodgkin Lymphoma,33041-33042,2009,Black or African American,2054-5,108.0
Non-Hodgkin Lymphoma,33041-33042,2009,White,2106-3,353.0
Non-Hodgkin Lymphoma,33041-33042,2010,Asian or Pacific Islander,A-PI,25.0
Non-Hodgkin Lymphoma,33041-33042,2010,Black or African American,2054-5,101.0
Non-Hodgkin Lymphoma,33041-33042,2010,White,2106-3,292.0
Non-Hodgkin Lymphoma,33041-33042,2011,Asian or Pacific Islander,A-PI,18.0
Non-Hodgkin Lymphoma,33041-33042,2011,Black or African American,2054-5,98.0
Non-Hodgkin Lymphoma,33041-33042,2011,White,2106-3,301.0
Non-Hodgkin Lymphoma,33041-33042,2012,Asian or Pacific Islander,A-PI,16.0
Non-Hodgkin Lymphoma,33041-33042,2012,Black or African American,2054-5,88.0
Non-Hodgkin Lymphoma,33041-33042,2012,White,2106-3,300.0
Non-Hodgkin Lymphoma,33041-33042,2013,Asian or Pacific Islander,A-PI,21.0
Non-Hodgkin Lymphoma,33041-33042,2013,Black or African American,2054-5,101.0
Non-Hodgkin Lymphoma,33041-33042,2013,White,2106-3,280.0
Non-Hodgkin Lymphoma,33041-33042,2014,Asian or Pacific Islander,A-PI,21.0
Non-Hodgkin Lymphoma,33041-33042,2014,Black or African American,2054-5,92.0
Non-Hodgkin Lymphoma,33041-33042,2014,White,2106-3,265.0
Non-Hodgkin Lymphoma,33041-33042,2015,Asian or Pacific Islander,A-PI,16.0
Non-Hodgkin Lymphoma,33041-33042,2015,Black or African American,2054-5,90.0
Non-Hodgkin Lymphoma,33041-33042,2015,White,2106-3,260.0
Non-Hodgkin Lymphoma,33041-33042,2016,Asian or Pacific Islander,A-PI,26.0
Non-Hodgkin Lymphoma,33041-33042,2016,Black or African American,2054-5,84.0
Non-Hodgkin Lymphoma,33041-33042,2016,White,2106-3,233.0
Non-Hodgkin Lymphoma,33041-33042,2017,Asian or Pacific Islander,A-PI,25.0
Non-Hodgkin Lymphoma,33041-33042,2017,Black or African American,2054-5,82.0
Non-Hodgkin Lymphoma,33041-33042,2017,White,2106-3,247.0
Non-Hodgkin Lymphoma,33041-33042,2018,Asian or Pacific Islander,A-PI,18.0
Non-Hodgkin Lymphoma,33041-33042,2018,Black or African American,2054-5,87.0
Non-Hodgkin Lymphoma,33041-33042,2018,White,2106-3,234.0
Non-Hodgkin Lymphoma,33041-33042,2019,Asian or Pacific Islander,A-PI,17.0
Non-Hodgkin Lymphoma,33041-33042,2019,Black or African American,2054-5,80.0
Non-Hodgkin Lymphoma,33041-33042,2019,White,2106-3,233.0
Non-Hodgkin Lymphoma,33041-33042,2020,Black or African American,2054-5,72.0
Non-Hodgkin Lymphoma,33041-33042,2020,White,2106-3,222.0
Non-Hodgkin Lymphoma,33041-33042,2021,Asian or Pacific Islander,A-PI,20.0
Non-Hodgkin Lymphoma,33041-33042,2021,Black or African American,2054-5,88.0
Non-Hodgkin Lymphoma,33041-33042,2021,White,2106-3,195.0
Oral Cavity and Pharynx,20010-20100,1999,Asian or Pacific Islander,A-PI,20.0
Oral Cavity and Pharynx,20010-20100,1999,Black or African American,2054-5,37.0
Oral Cavity and Pharynx,20010-20100,1999,White,2106-3,99.0
Oral Cavity and Pharynx,20010-20100,2000,Asian or Pacific Islander,A-PI,20.0
Oral Cavity and Pharynx,20010-20100,2000,Black or African American,2054-5,26.0
Oral Cavity and Pharynx,20010-20100,2000,White,2106-3,107.0
Oral Cavity and Pharynx,20010-20100,2001,Asian or Pacific Islander,A-PI,25.0
Oral Cavity and Pharynx,20010-20100,2001,Black or African American,2054-5,33.0
Oral Cavity and Pharynx,20010-20100,2001,White,2106-3,106.0
Oral Cavity and Pharynx,20010-20100,2002,Black or African American,2054-5,35.0
Oral Cavity and Pharynx,20010-20100,2002,White,2106-3,98.0
Oral Cavity and Pharynx,20010-20100,2003,Black or African American,2054-5,29.0
Oral Cavity and Pharynx,20010-20100,2003,White,2106-3,102.0
Oral Cavity and Pharynx,20010-20100,2004,Black or African American,2054-5,34.0
Oral Cavity and Pharynx,20010-20100,2004,White,2106-3,70.0
Oral Cavity and Pharynx,20010-20100,2005,Asian or Pacific Islander,A-PI,19.0
Oral Cavity and Pharynx,20010-20100,2005,Black or African American,2054-5,36.0
Oral Cavity and Pharynx,20010-20100,2005,White,2106-3,86.0
Oral Cavity and Pharynx,20010-20100,2006,Black or African American,2054-5,25.0
Oral Cavity and Pharynx,20010-20100,2006,White,2106-3,93.0
Oral Cavity and Pharynx,20010-20100,2007,Asian or Pacific Islander,A-PI,16.0
Oral Cavity and Pharynx,20010-20100,2007,Black or African American,2054-5,23.0
Oral Cavity and Pharynx,20010-20100,2007,White,2106-3,83.0
Oral Cavity and Pharynx,20010-20100,2008,Asian or Pacific Islander,A-PI,23.0
Oral Cavity and Pharynx,20010-20100,2008,Black or African American,2054-5,20.0
Oral Cavity and Pharynx,20010-20100,2008,White,2106-3,89.0
Oral Cavity and Pharynx,20010-20100,2009,Asian or Pacific Islander,A-PI,22.0
Oral Cavity and Pharynx,20010-20100,2009,Black or African American,2054-5,26.0
Oral Cavity and Pharynx,20010-20100,2009,White,2106-3,81.0
Oral Cavity and Pharynx,20010-20100,2010,Asian or Pacific Islander,A-PI,18.0
Oral Cavity and Pharynx,20010-20100,2010,Black or African American,2054-5,25.0
Oral Cavity and Pharynx,20010-20100,2010,White,2106-3,93.0
Oral Cavity and Pharynx,20010-20100,2011,Black or African American,2054-5,21.0
Oral Cavity and Pharynx,20010-20100,2011,White,2106-3,90.0
Oral Cavity and Pharynx,20010-20100,2012,Asian or Pacific Islander,A-PI,20.0
Oral Cavity and Pharynx,20010-20100,2012,Black or African American,2054-5,29.0
Oral Cavity and Pharynx,20010-20100,2012,White,2106-3,91.0
Oral Cavity and Pharynx,20010-20100,2013,Asian or Pacific Islander,A-PI,16.0
Oral Cavity and Pharynx,20010-20100,2013,Black or African American,2054-5,28.0
Oral Cavity and Pharynx,20010-20100,2013,White,2106-3,81.0
Oral Cavity and Pharynx,20010-20100,2014,Black or African American,2054-5,22.0
Oral Cavity and Pharynx,20010-20100,2014,White,2106-3,104.0
Oral Cavity and Pharynx,20010-20100,2015,Asian or Pacific Islander,A-PI,21.0
Oral Cavity and Pharynx,20010-20100,2015,Black or African American,2054-5,17.0
Oral Cavity and Pharynx,20010-20100,2015,White,2106-3,105.0
Oral Cavity and Pharynx,20010-20100,2016,Asian or Pacific Islander,A-PI,17.0
Oral Cavity and Pharynx,20010-20100,2016,White,2106-3,89.0
Oral Cavity and Pharynx,20010-20100,2017,Black or African American,2054-5,17.0
Oral Cavity and Pharynx,20010-20100,2017,White,2106-3,91.0
Oral Cavity and Pharynx,20010-20100,2018,Asian or Pacific Islander,A-PI,20.0
Oral Cavity and Pharynx,20010-20100,2018,Black or African American,2054-5,20.0
Oral Cavity and Pharynx,20010-20100,2018,White,2106-3,105.0
Oral Cavity and Pharynx,20010-20100,2019,Asian or Pacific Islander,A-PI,20.0
Oral Cavity and Pharynx,20010-20100,2019,Black or African American,2054-5,18.0
Oral Cavity and Pharynx,20010-20100,2019,White,2106-3,96.0
Oral Cavity and Pharynx,20010-20100,2020,Black or African American,2054-5,25.0
Oral Cavity and Pharynx,20010-20100,2020,White,2106-3,87.0
Oral Cavity and Pharynx,20010-20100,2021,Asian or Pacific Islander,A-PI,22.0
Oral Cavity and Pharynx,20010-20100,2021,White,2106-3,93.0
Ovary,27040,1999,Asian or Pacific Islander,A-PI,18.0
Ovary,27040,1999,Black or African American,2054-5,32.0
Ovary,27040,1999,White,2106-3,207.0
Ovary,27040,2000,Black or African American,2054-5,31.0
Ovary,27040,2000,White,2106-3,216.0
Ovary,27040,2001,Black or African American,2054-5,43.0
Ovary,27040,2001,White,2106-3,212.0
Ovary,27040,2002,Black or African American,2054-5,41.0
Ovary,27040,2002,White,2106-3,220.0
Ovary,27040,2003,Black or African American,2054-5,39.0
Ovary,27040,2003,White,2106-3,185.0
Ovary,27040,2004,Black or African American,2054-5,44.0
Ovary,27040,2004,White,2106-3,186.0
Ovary,27040,2005,Black or African American,2054-5,27.0
Ovary,27040,2005,White,2106-3,168.0
Ovary,27040,2006,Black or African American,2054-5,19.0
Ovary,27040,2006,White,2106-3,183.0
Ovary,27040,2007,Black or African American,2054-5,29.0
Ovary,27040,2007,White,2106-3,165.0
Ovary,27040,2008,Black or African American,2054-5,37.0
Ovary,27040,2008,White,2106-3,172.0
Ovary,27040,2009,Black or African American,2054-5,47.0
Ovary,27040,2009,White,2106-3,154.0
Ovary,27040,2010,Black or African American,2054-5,37.0
Ovary,27040,2010,White,2106-3,160.0
Ovary,27040,2011,Black or African American,2054-5,27.0
Ovary,27040,2011,White,2106-3,170.0
Ovary,27040,2012,Black or African American,2054-5,22.0
Ovary,27040,2012,White,2106-3,161.0
Ovary,27040,2013,Black or African American,2054-5,20.0
Ovary,27040,2013,White,2106-3,160.0
Ovary,27040,2014,Asian or Pacific Islander,A-PI,23.0
Ovary,27040,2014,Black or African American,2054-5,27.0
Ovary,27040,2014,White,2106-3,170.0
Ovary,27040,2015,Black or African American,2054-5,28.0
Ovary,27040,2015,White,2106-3,167.0
Ovary,27040,2016,Asian or Pacific Islander,A-PI,18.0
Ovary,27040,2016,Black or African American,2054-5,26.0
Ovary,27040,2016,White,2106-3,177.0
Ovary,27040,2017,Asian or Pacific Islander,A-PI,20.0
Ovary,27040,2017,Black or African American,2054-5,28.0
Ovary,27040,2017,White,2106-3,151.0
Ovary,27040,2018,Asian or Pacific Islander,A-PI,16.0
Ovary,27040,2018,Black or African American,2054-5,26.0
Ovary,27040,2018,White,2106-3,165.0
Ovary,27040,2019,Asian or Pacific Islander,A-PI,17.0
Ovary,27040,2019,Black or African American,2054-5,30.0
Ovary,27040,2019,White,2106-3,149.0
Ovary,27040,2020,Black or African American,2054-5,31.0
Ovary,27040,2020,White,2106-3,159.0
Ovary,27040,2021,Asian or Pacific Islander,A-PI,19.0
Ovary,27040,2021,Black or African American,2054-5,30.0
Ovary,27040,2021,White,2106-3,171.0
Pancreas,21100,1999,Black or African American,2054-5,48.0
Pancreas,21100,1999,White,2106-3,179.0
Pancreas,21100,2000,Black or African American,2054-5,34.0
Pancreas,21100,2000,White,2106-3,158.0
Pancreas,21100,2001,Black or African American,2054-5,36.0
Pancreas,21100,2001,White,2106-3,177.0
Pancreas,21100,2002,Black or African American,2054-5,36.0
Pancreas,21100,2002,White,2106-3,152.0
Pancreas,21100,2003,Black or African American,2054-5,36.0
Pancreas,21100,2003,White,2106-3,176.0
Pancreas,21100,2004,Black or African American,2054-5,33.0
Pancreas,21100,2004,White,2106-3,149.0
Pancreas,21100,2005,Black or African American,2054-5,34.0
Pancreas,21100,2005,White,2106-3,151.0
Pancreas,21100,2006,Black or African American,2054-5,30.0
Pancreas,21100,2006,White,2106-3,137.0
Pancreas,21100,2007,Black or African American,2054-5,38.0
Pancreas,21100,2007,White,2106-3,140.0
Pancreas,21100,2008,Black or African American,2054-5,34.0
Pancreas,21100,2008,White,2106-3,142.0
Pancreas,21100,2009,Black or African American,2054-5,37.0
Pancreas,21100,2009,White,2106-3,150.0
Pancreas,21100,2010,Black or African American,2054-5,23.0
Pancreas,21100,2010,White,2106-3,157.0
Pancreas,21100,2011,Black or African American,2054-5,30.0
Pancreas,21100,2011,White,2106-3,119.0
Pancreas,21100,2012,Black or African American,2054-5,29.0
Pancreas,21100,2012,White,2106-3,117.0
Pancreas,21100,2013,Black or African American,2054-5,28.0
Pancreas,21100,2013,White,2106-3,149.0
Pancreas,21100,2014,Black or African American,2054-5,35.0
Pancreas,21100,2014,White,2106-3,134.0
Pancreas,21100,2015,Black or African American,2054-5,33.0
Pancreas,21100,2015,White,2106-3,164.0
Pancreas,21100,2016,Black or African American,2054-5,40.0
Pancreas,21100,2016,White,2106-3,153.0
Pancreas,21100,2017,Black or African American,2054-5,38.0
Pancreas,21100,2017,White,2106-3,155.0
Pancreas,21100,2018,Asian or Pacific Islander,A-PI,17.0
Pancreas,21100,2018,Black or African American,2054-5,32.0
Pancreas,21100,2018,White,2106-3,157.0
Pancreas,21100,2019,Black or African American,2054-5,35.0
Pancreas,21100,2019,White,2106-3,151.0
Pancreas,21100,2020,Black or African American,2054-5,28.0
Pancreas,21100,2020,White,2106-3,145.0
Pancreas,21100,2021,Black or African American,2054-5,42.0
Pancreas,21100,2021,White,2106-3,143.0
Stomach,21020,1999,Asian or Pacific Islander,A-PI,30.0
Stomach,21020,1999,Black or African American,2054-5,78.0
Stomach,21020,1999,White,2106-3,222.0
Stomach,21020,2000,Asian or Pacific Islander,A-PI,27.0
Stomach,21020,2000,Black or African American,2054-5,76.0
Stomach,21020,2000,White,2106-3,198.0
Stomach,21020,2001,Asian or Pacific Islander,A-PI,29.0
Stomach,21020,2001,Black or African American,2054-5,78.0
Stomach,21020,2001,White,2106-3,204.0
Stomach,21020,2002,Asian or Pacific Islander,A-PI,23.0
Stomach,21020,2002,Black or African American,2054-5,66.0
Stomach,21020,2002,White,2106-3,229.0
Stomach,21020,2003,Asian or Pacific Islander,A-PI,35.0
Stomach,21020,2003,Black or African American,2054-5,57.0
Stomach,21020,2003,White,2106-3,221.0
Stomach,21020,2004,Asian or Pacific Islander,A-PI,25.0
Stomach,21020,2004,Black or African American,2054-5,46.0
Stomach,21020,2004,White,2106-3,203.0
Stomach,21020,2005,Asian or Pacific Islander,A-PI,42.0
Stomach,21020,2005,Black or African American,2054-5,61.0
Stomach,21020,2005,White,2106-3,170.0
Stomach,21020,2006,Asian or Pacific Islander,A-PI,35.0
Stomach,21020,2006,Black or African American,2054-5,55.0
Stomach,21020,2006,White,2106-3,216.0
Stomach,21020,2007,Asian or Pacific Islander,A-PI,26.0
Stomach,21020,2007,Black or African American,2054-5,46.0
Stomach,21020,2007,White,2106-3,237.0
Stomach,21020,2008,Asian or Pacific Islander,A-PI,23.0
Stomach,21020,2008,Black or African American,2054-5,69.0
Stomach,21020,2008,White,2106-3,196.0
Stomach,21020,2009,Asian or Pacific Islander,A-PI,29.0
Stomach,21020,2009,Black or African American,2054-5,63.0
Stomach,21020,2009,White,2106-3,217.0
Stomach,21020,2010,Asian or Pacific Islander,A-PI,25.0
Stomach,21020,2010,Black or African American,2054-5,61.0
Stomach,21020,2010,White,2106-3,219.0
Stomach,21020,2011,Asian or Pacific Islander,A-PI,25.0
Stomach,21020,2011,Black or African American,2054-5,58.0
Stomach,21020,2011,White,2106-3,211.0
Stomach,21020,2012,Asian or Pacific Islander,A-PI,28.0
Stomach,21020,2012,Black or African American,2054-5,60.0
Stomach,21020,2012,White,2106-3,198.0
Stomach,21020,2013,Asian or Pacific Islander,A-PI,37.0
Stomach,21020,2013,Black or African American,2054-5,47.0
Stomach,21020,2013,White,2106-3,218.0
Stomach,21020,2014,Asian or Pacific Islander,A-PI,25.0
Stomach,21020,2014,Black or African American,2054-5,51.0
Stomach,21020,2014,White,2106-3,209.0
Stomach,21020,2015,Asian or Pacific Islander,A-PI,26.0
Stomach,21020,2015,Black or African American,2054-5,55.0
Stomach,21020,2015,White,2106-3,218.0
Stomach,21020,2016,Asian or Pacific Islander,A-PI,40.0
Stomach,21020,2016,Black or African American,2054-5,55.0
Stomach,21020,2016,White,2106-3,234.0
Stomach,21020,2017,Asian or Pacific Islander,A-PI,46.0
Stomach,21020,2017,Black or African American,2054-5,58.0
Stomach,21020,2017,White,2106-3,216.0
Stomach,21020,2018,Asian or Pacific Islander,A-PI,25.0
Stomach,21020,2018,Black or African American,2054-5,50.0
Stomach,21020,2018,White,2106-3,231.0
Stomach,21020,2019,Asian or Pacific Islander,A-PI,31.0
Stomach,21020,2019,Black or African American,2054-5,57.0
Stomach,21020,2019,White,2106-3,228.0
Stomach,21020,2020,Asian or Pacific Islander,A-PI,25.0
Stomach,21020,2020,Black or African American,2054-5,49.0
Stomach,21020,2020,White,2106-3,212.0
Stomach,21020,2021,Asian or Pacific Islander,A-PI,45.0
Stomach,21020,2021,Black or African American,2054-5,50.0
Stomach,21020,2021,White,2106-3,216.0
Thyroid,32010,1999,White,2106-3,20.0
Thyroid,32010,2000,White,2106-3,23.0
Thyroid,32010,2001,White,2106-3,17.0
Thyroid,32010,2002,White,2106-3,25.0
Thyroid,32010,2003,White,2106-3,23.0
Thyroid,32010,2004,White,2106-3,25.0
Thyroid,32010,2005,White,2106-3,24.0
Thyroid,32010,2006,White,2106-3,28.0
Thyroid,32010,2008,White,2106-3,16.0
Thyroid,32010,2009,White,2106-3,22.0
Thyroid,32010,2010,White,2106-3,22.0
Thyroid,32010,2011,White,2106-3,17.0
Thyroid,32010,2012,White,2106-3,18.0
Thyroid,32010,2015,White,2106-3,23.0
Thyroid,32010,2016,White,2106-3,21.0
Thyroid,32010,2017,White,2106-3,22.0
Thyroid,32010,2018,White,2106-3,23.0
Thyroid,32010,2019,White,2106-3,20.0
Thyroid,32010,2020,White,2106-3,16.0
Urinary Bladder,29010,1999,White,2106-3,33.0
Urinary Bladder,29010,2000,White,2106-3,46.0
Urinary Bladder,29010,2001,White,2106-3,46.0
Urinary Bladder,29010,2002,White,2106-3,39.0
Urinary Bladder,29010,2003,White,2106-3,26.0
Urinary Bladder,29010,2004,White,2106-3,33.0
Urinary Bladder,29010,2005,White,2106-3,47.0
Urinary Bladder,29010,2006,White,2106-3,40.0
Urinary Bladder,29010,2007,White,2106-3,25.0
Urinary Bladder,29010,2008,White,2106-3,40.0
Urinary Bladder,29010,2009,White,2106-3,31.0
Urinary Bladder,29010,2010,White,2106-3,32.0
Urinary Bladder,29010,2011,White,2106-3,27.0
Urinary Bladder,29010,2012,White,2106-3,30.0
Urinary Bladder,29010,2013,White,2106-3,21.0
Urinary Bladder,29010,2014,White,2106-3,28.0
Urinary Bladder,29010,2015,White,2106-3,31.0
Urinary Bladder,29010,2016,White,2106-3,34.0
Urinary Bladder,29010,2017,White,2106-3,25.0
Urinary Bladder,29010,2018,White,2106-3,28.0
Urinary Bladder,29010,2019,White,2106-3,27.0
Urinary Bladder,29010,2020,White,2106-3,32.0
Urinary Bladder,29010,2021,White,2106-3,20.0
